-- phpMyAdmin SQL Dump
-- version 5.0.2
-- https://www.phpmyadmin.net/
--
-- Servidor: 127.0.0.1
-- Tiempo de generación: 01-07-2020 a las 02:16:53
-- Versión del servidor: 10.4.11-MariaDB
-- Versión de PHP: 7.4.6

SET SQL_MODE = "NO_AUTO_VALUE_ON_ZERO";
START TRANSACTION;
SET time_zone = "+00:00";


/*!40101 SET @OLD_CHARACTER_SET_CLIENT=@@CHARACTER_SET_CLIENT */;
/*!40101 SET @OLD_CHARACTER_SET_RESULTS=@@CHARACTER_SET_RESULTS */;
/*!40101 SET @OLD_COLLATION_CONNECTION=@@COLLATION_CONNECTION */;
/*!40101 SET NAMES utf8mb4 */;

--
-- Base de datos: `ecommerce`
--

-- --------------------------------------------------------

--
-- Estructura de tabla para la tabla `banner`
--

CREATE TABLE `banner` (
  `id` int(11) NOT NULL,
  `ruta` text COLLATE utf8_spanish_ci NOT NULL,
  `img` text COLLATE utf8_spanish_ci NOT NULL,
  `titulo1` text COLLATE utf8_spanish_ci NOT NULL,
  `titulo2` text COLLATE utf8_spanish_ci NOT NULL,
  `titulo3` text COLLATE utf8_spanish_ci NOT NULL,
  `estilo` text COLLATE utf8_spanish_ci NOT NULL,
  `fecha` timestamp NOT NULL DEFAULT current_timestamp() ON UPDATE current_timestamp()
) ENGINE=InnoDB DEFAULT CHARSET=utf8 COLLATE=utf8_spanish_ci;

--
-- Volcado de datos para la tabla `banner`
--

INSERT INTO `banner` (`id`, `ruta`, `img`, `titulo1`, `titulo2`, `titulo3`, `estilo`, `fecha`) VALUES
(1, 'sin-categoria', 'vistas/img/banner/default.jpg', '{\r\n	\"texto\": \"OFERTAS ESPECIALES\",\r\n	\"color\": \"#fff\"\r\n}', '{\r\n	\"texto\": \"50% off\",\r\n	\"color\": \"#fff\"\r\n}', '{\r\n	\"texto\": \"Termina el 31 de Octubre\",\r\n	\"color\": \"#fff\"\r\n}', 'textoDer', '2017-10-12 18:14:41'),
(2, 'mujer', 'vistas/img/banner/ropa.jpg', '{\r\n	\"texto\": \"ARTÍCULOS GRATIS\",\r\n	\"color\": \"#fff\"\r\n}', '{\r\n\r\n	\"texto\": \"¡Entrega inmediata!\",\r\n\r\n	\"color\": \"#fff\"\r\n\r\n}', '{\r\n	\"texto\": \"Disfrútalo\",\r\n	\"color\": \"#fff\"\r\n}', 'textoIzq', '2020-06-19 03:33:23'),
(3, 'tenis', 'vistas/img/banner/web.jpg', '{\r\n	\"texto\": \"OFERTAS ESPECIALES\",\r\n	\"color\": \"#fff\"\r\n}', '{\r\n\r\n	\"texto\": \"50% off\",\r\n\r\n	\"color\": \"#fff\"\r\n\r\n}', '{\r\n	\"texto\": \"Termina el 31 de Octubre\",\r\n	\"color\": \"#fff\"\r\n}', 'textoCentro', '2020-06-19 03:41:19'),
(4, 'hombre', 'vistas/img/banner/ropaHombre.jpg', '{\r\n	\"texto\": \"OFERTAS ESPECIALES\",\r\n	\"color\": \"#fff\"\r\n}', '{\r\n\r\n	\"texto\": \"50% off\",\r\n\r\n	\"color\": \"#fff\"\r\n\r\n}', '{\r\n	\"texto\": \"Termina el 31 de Octubre\",\r\n	\"color\": \"#fff\"\r\n}', 'textoDer', '2020-06-19 03:31:21');

-- --------------------------------------------------------

--
-- Estructura de tabla para la tabla `categorias`
--

CREATE TABLE `categorias` (
  `id` int(11) NOT NULL,
  `categoria` text COLLATE utf8_spanish_ci NOT NULL,
  `ruta` text COLLATE utf8_spanish_ci NOT NULL,
  `fecha` timestamp NOT NULL DEFAULT current_timestamp() ON UPDATE current_timestamp()
) ENGINE=InnoDB DEFAULT CHARSET=utf8 COLLATE=utf8_spanish_ci;

--
-- Volcado de datos para la tabla `categorias`
--

INSERT INTO `categorias` (`id`, `categoria`, `ruta`, `fecha`) VALUES
(1, 'HOMBRE', 'hombre', '2020-06-24 01:04:05'),
(2, 'MUJER', 'mujer', '2020-05-27 00:42:02'),
(3, 'ACCESORIOS', 'accesorios', '2020-06-23 20:56:49');

-- --------------------------------------------------------

--
-- Estructura de tabla para la tabla `plantilla`
--

CREATE TABLE `plantilla` (
  `id` int(11) NOT NULL,
  `barraSuperior` text COLLATE utf8_spanish_ci NOT NULL,
  `textoSuperior` text COLLATE utf8_spanish_ci NOT NULL,
  `colorFondo` text COLLATE utf8_spanish_ci NOT NULL,
  `colorTexto` text COLLATE utf8_spanish_ci NOT NULL,
  `logo` text COLLATE utf8_spanish_ci NOT NULL,
  `icono` text COLLATE utf8_spanish_ci NOT NULL,
  `redesSociales` text COLLATE utf8_spanish_ci NOT NULL,
  `fecha` timestamp NOT NULL DEFAULT current_timestamp() ON UPDATE current_timestamp()
) ENGINE=InnoDB DEFAULT CHARSET=utf8 COLLATE=utf8_spanish_ci;

--
-- Volcado de datos para la tabla `plantilla`
--

INSERT INTO `plantilla` (`id`, `barraSuperior`, `textoSuperior`, `colorFondo`, `colorTexto`, `logo`, `icono`, `redesSociales`, `fecha`) VALUES
(1, '#ffffff', '#000000', '#c61212', '#ffffff', 'vistas/img/plantilla/logo.jpg', 'vistas/img/plantilla/icono.png', '[{\r\n		\"red\": \"fab fa-facebook-f\",\r\n		\"estilo\": \"facebookNegro\",\r\n		\"url\": \"http://facebook.com/\"\r\n	}, {\r\n		\"red\": \"fab fa-whatsapp\",\r\n		\"estilo\": \"whatsappNegro\",\r\n		\"url\": \"http://youtube.com/\"\r\n	}, {\r\n		\"red\": \"fab fa-instagram\",\r\n		\"estilo\": \"instagramNegro\",\r\n		\"url\": \"http://instagram.com/\"\r\n	}\r\n\r\n]\r\n', '2020-06-08 02:46:25');

-- --------------------------------------------------------

--
-- Estructura de tabla para la tabla `productos`
--

CREATE TABLE `productos` (
  `id` int(11) NOT NULL,
  `id_categoria` int(11) NOT NULL,
  `id_subcategoria` int(11) NOT NULL,
  `tipo` text COLLATE utf8_spanish_ci NOT NULL,
  `ruta` text COLLATE utf8_spanish_ci NOT NULL,
  `titulo` text COLLATE utf8_spanish_ci NOT NULL,
  `titular` text COLLATE utf8_spanish_ci NOT NULL,
  `descripcion` text COLLATE utf8_spanish_ci NOT NULL,
  `multimedia` text COLLATE utf8_spanish_ci NOT NULL,
  `detalles` text COLLATE utf8_spanish_ci NOT NULL,
  `precio` float NOT NULL,
  `portada` text COLLATE utf8_spanish_ci NOT NULL,
  `vistas` int(11) NOT NULL,
  `ventas` int(11) NOT NULL,
  `vistasGratis` int(11) NOT NULL,
  `ventasGratis` int(11) NOT NULL,
  `ofertadoPorCategoria` int(11) NOT NULL,
  `ofertadoPorSubCategoria` int(11) NOT NULL,
  `oferta` int(11) NOT NULL,
  `precioOferta` float NOT NULL,
  `descuentoOferta` int(11) NOT NULL,
  `imgOferta` text COLLATE utf8_spanish_ci NOT NULL,
  `finOferta` datetime NOT NULL,
  `nuevo` int(11) NOT NULL,
  `peso` float NOT NULL,
  `entrega` float NOT NULL,
  `fecha` timestamp NOT NULL DEFAULT current_timestamp() ON UPDATE current_timestamp()
) ENGINE=InnoDB DEFAULT CHARSET=utf8 COLLATE=utf8_spanish_ci;

--
-- Volcado de datos para la tabla `productos`
--

INSERT INTO `productos` (`id`, `id_categoria`, `id_subcategoria`, `tipo`, `ruta`, `titulo`, `titular`, `descripcion`, `multimedia`, `detalles`, `precio`, `portada`, `vistas`, `ventas`, `vistasGratis`, `ventasGratis`, `ofertadoPorCategoria`, `ofertadoPorSubCategoria`, `oferta`, `precioOferta`, `descuentoOferta`, `imgOferta`, `finOferta`, `nuevo`, `peso`, `entrega`, `fecha`) VALUES
(1, 1, 1, 'fisico', 'falda-de-niñas-1', 'Falda de Niñas', 'Lorem ipsum dolor sit amet, consectetur adipisicing elit. Cupiditate minus, consectetur beatae fugit odio iure repudiandae quia distinctio, id ducimus molestiae. Obcaecati, unde. Illo molestiae dolorum, saepe nisi enim iusto.', 'Lorem ipsum dolor sit amet, consectetur adipisicing elit. Cupiditate minus, consectetur beatae fugit odio iure repudiandae quia distinctio, id ducimus molestiae. Obcaecati, unde. Illo molestiae dolorum, saepe nisi enim iusto.', '', '{\"Talla\": [36,38,40],\"Color\": [\"rojo\",\"negro\",\"blanco\"],\"Marca\":null\n}', 29, 'vistas/img/productos/ropa/ropa03.jpg', 1, 404, 0, 0, 0, 0, 0, 11, 0, 'vistas/img/ofertas/Ropa-para-dama.jpg', '0000-00-00 00:00:00', 1, 1, 10, '2020-06-20 00:26:08'),
(2, 1, 1, 'fisico', 'vestido-jean-1', 'Vestido Jean', 'Lorem ipsum dolor sit amet, consectetur adipisicing elit. Cupiditate minus, consectetur beatae fugit odio iure repudiandae quia distinctio, id ducimus molestiae. Obcaecati, unde. Illo molestiae dolorum, saepe nisi enim iusto.', 'Lorem ipsum dolor sit amet, consectetur adipisicing elit. Cupiditate minus, consectetur beatae fugit odio iure repudiandae quia distinctio, id ducimus molestiae. Obcaecati, unde. Illo molestiae dolorum, saepe nisi enim iusto.', '', '{\"Talla\": [36,38,40],\"Color\": [\"rojo\",\"negro\",\"blanco\"],\"Marca\":null\n}', 29, 'vistas/img/productos/ropa/ropa04.jpg', 2, 403, 0, 0, 0, 1, 1, 11, 40, 'vistas/img/ofertas/Ropa-para-dama.jpg', '0000-00-00 00:00:00', 0, 1, 10, '0000-00-00 00:00:00'),
(3, 1, 1, 'fisico', 'vestido-clasico-1', 'Vestido Clásico', 'Lorem ipsum dolor sit amet, consectetur adipisicing elit. Cupiditate minus, consectetur beatae fugit odio iure repudiandae quia distinctio, id ducimus molestiae. Obcaecati, unde. Illo molestiae dolorum, saepe nisi enim iusto.', 'Lorem ipsum dolor sit amet, consectetur adipisicing elit. Cupiditate minus, consectetur beatae fugit odio iure repudiandae quia distinctio, id ducimus molestiae. Obcaecati, unde. Illo molestiae dolorum, saepe nisi enim iusto.', '', '{\"Talla\": [36,38,40],\"Color\": [\"rojo\",\"negro\",\"blanco\"],\"Marca\":null\n}', 29, 'vistas/img/productos/ropa/ropa02.jpg', 3, 402, 0, 0, 0, 1, 1, 11, 40, 'vistas/img/ofertas/Ropa-para-dama.jpg', '0000-00-00 00:00:00', 1, 1, 10, '2020-06-17 23:25:31'),
(4, 1, 3, 'fisico', 'top-dama-1', 'Top Dama', 'Lorem ipsum dolor sit amet, consectetur adipisicing elit. Cupiditate minus, consectetur beatae fugit odio iure repudiandae quia distinctio, id ducimus molestiae. Obcaecati, unde. Illo molestiae dolorum, saepe nisi enim iusto.', 'Lorem ipsum dolor sit amet, consectetur adipisicing elit. Cupiditate minus, consectetur beatae fugit odio iure repudiandae quia distinctio, id ducimus molestiae. Obcaecati, unde. Illo molestiae dolorum, saepe nisi enim iusto.', '', '{\"Talla\": [36,38,40],\"Color\": [\"rojo\",\"negro\",\"blanco\"],\"Marca\":null\n}', 29, 'vistas/img/productos/ropa/ropa06.jpg', 4, 401, 0, 0, 0, 0, 0, 0, 0, '', '0000-00-00 00:00:00', 0, 1, 10, '0000-00-00 00:00:00'),
(5, 2, 6, 'fisico', 'semibotas-ejecutivas-1', 'Semibotas Ejecutivas', 'Lorem ipsum dolor sit amet, consectetur adipisicing elit. Cupiditate minus, consectetur beatae fugit odio iure repudiandae quia distinctio, id ducimus molestiae. Obcaecati, unde. Illo molestiae dolorum, saepe nisi enim iusto.', 'Lorem ipsum dolor sit amet, consectetur adipisicing elit. Cupiditate minus, consectetur beatae fugit odio iure repudiandae quia distinctio, id ducimus molestiae. Obcaecati, unde. Illo molestiae dolorum, saepe nisi enim iusto.', '', '{\"Talla\": [36,38,40],\"Color\": [\"rojo\",\"negro\",\"blanco\"],\"Marca\":null\n}', 45, 'vistas/img/productos/calzado/calzado01.jpg', 5, 400, 0, 0, 0, 1, 1, 22, 50, 'vistas/img/ofertas/Calzado-para-hombre.jpg', '0000-00-00 00:00:00', 0, 1, 10, '0000-00-00 00:00:00'),
(6, 2, 7, 'fisico', 'tennis-gris-1', 'Tennis Gris', 'Lorem ipsum dolor sit amet, consectetur adipisicing elit. Cupiditate minus, consectetur beatae fugit odio iure repudiandae quia distinctio, id ducimus molestiae. Obcaecati, unde. Illo molestiae dolorum, saepe nisi enim iusto.', 'Lorem ipsum dolor sit amet, consectetur adipisicing elit. Cupiditate minus, consectetur beatae fugit odio iure repudiandae quia distinctio, id ducimus molestiae. Obcaecati, unde. Illo molestiae dolorum, saepe nisi enim iusto.', '', '{\"Talla\": [36,38,40],\"Color\": [\"rojo\",\"negro\",\"blanco\"],\"Marca\":null\n}', 55, 'vistas/img/productos/calzado/calzado02.jpg', 6, 399, 0, 0, 0, 0, 0, 0, 0, '', '0000-00-00 00:00:00', 1, 1, 10, '0000-00-00 00:00:00'),
(7, 2, 6, 'fisico', 'zapatilla-clasica-1', 'Zapatilla Clásica', 'Lorem ipsum dolor sit amet, consectetur adipisicing elit. Cupiditate minus, consectetur beatae fugit odio iure repudiandae quia distinctio, id ducimus molestiae. Obcaecati, unde. Illo molestiae dolorum, saepe nisi enim iusto.', 'Lorem ipsum dolor sit amet, consectetur adipisicing elit. Cupiditate minus, consectetur beatae fugit odio iure repudiandae quia distinctio, id ducimus molestiae. Obcaecati, unde. Illo molestiae dolorum, saepe nisi enim iusto.', '', '{\"Talla\": [36,38,40],\"Color\": [\"rojo\",\"negro\",\"blanco\"],\"Marca\":null\n}', 45, 'vistas/img/productos/calzado/calzado03.jpg', 7, 398, 0, 0, 0, 1, 1, 22, 50, 'vistas/img/ofertas/Calzado-para-hombre.jpg', '0000-00-00 00:00:00', 0, 1, 10, '0000-00-00 00:00:00'),
(8, 2, 7, 'fisico', 'tennis-verde-1', 'Tennis Verde', 'Lorem ipsum dolor sit amet, consectetur adipisicing elit. Cupiditate minus, consectetur beatae fugit odio iure repudiandae quia distinctio, id ducimus molestiae. Obcaecati, unde. Illo molestiae dolorum, saepe nisi enim iusto.', 'Lorem ipsum dolor sit amet, consectetur adipisicing elit. Cupiditate minus, consectetur beatae fugit odio iure repudiandae quia distinctio, id ducimus molestiae. Obcaecati, unde. Illo molestiae dolorum, saepe nisi enim iusto.', '', '{\"Talla\": [36,38,40],\"Color\": [\"rojo\",\"negro\",\"blanco\"],\"Marca\":null\n}', 55, 'vistas/img/productos/calzado/calzado04.jpg', 8, 397, 0, 0, 0, 0, 0, 0, 0, '', '0000-00-00 00:00:00', 0, 1, 10, '0000-00-00 00:00:00'),
(9, 2, 7, 'fisico', 'tennis-rojo-1', 'Tennis Rojo', 'Lorem ipsum dolor sit amet, consectetur adipisicing elit. Cupiditate minus, consectetur beatae fugit odio iure repudiandae quia distinctio, id ducimus molestiae. Obcaecati, unde. Illo molestiae dolorum, saepe nisi enim iusto.', 'Lorem ipsum dolor sit amet, consectetur adipisicing elit. Cupiditate minus, consectetur beatae fugit odio iure repudiandae quia distinctio, id ducimus molestiae. Obcaecati, unde. Illo molestiae dolorum, saepe nisi enim iusto.', '', '{\"Talla\": [36,38,40],\"Color\": [\"rojo\",\"negro\",\"blanco\"],\"Marca\":null\n}', 55, 'vistas/img/productos/calzado/calzado05.jpg', 9, 396, 0, 0, 0, 0, 0, 0, 0, '', '0000-00-00 00:00:00', 0, 1, 10, '0000-00-00 00:00:00'),
(10, 2, 7, 'fisico', 'tennis-azul-1', 'Tennis Azul', 'Lorem ipsum dolor sit amet, consectetur adipisicing elit. Cupiditate minus, consectetur beatae fugit odio iure repudiandae quia distinctio, id ducimus molestiae. Obcaecati, unde. Illo molestiae dolorum, saepe nisi enim iusto.', 'Lorem ipsum dolor sit amet, consectetur adipisicing elit. Cupiditate minus, consectetur beatae fugit odio iure repudiandae quia distinctio, id ducimus molestiae. Obcaecati, unde. Illo molestiae dolorum, saepe nisi enim iusto.', '', '{\"Talla\": [36,38,40],\"Color\": [\"rojo\",\"negro\",\"blanco\"],\"Marca\":null\n}', 55, 'vistas/img/productos/calzado/calzado06.jpg', 11, 395, 0, 0, 0, 0, 0, 0, 0, '', '0000-00-00 00:00:00', 0, 1, 10, '2020-06-25 22:19:43'),
(26, 1, 2, 'fisico', 'camiseta-playera-1', 'Camiseta Playera', 'Lorem ipsum dolor sit amet, consectetur adipisicing elit. Cupiditate minus, consectetur beatae fugit odio iure repudiandae quia distinctio, id ducimus molestiae. Obcaecati, unde. Illo molestiae dolorum, saepe nisi enim iusto.', 'Lorem ipsum dolor sit amet, consectetur adipisicing elit. Cupiditate minus, consectetur beatae fugit odio iure repudiandae quia distinctio, id ducimus molestiae. Obcaecati, unde. Illo molestiae dolorum, saepe nisi enim iusto.', '', '{\"Talla\": [36,38,40],\"Color\": [\"rojo\",\"negro\",\"blanco\"],\"Marca\":null\n}', 29, 'vistas/img/productos/ropa/ropa01.jpg', 26, 379, 0, 0, 0, 1, 1, 11, 40, 'vistas/img/ofertas/Ropa-para-hombre.jpg', '0000-00-00 00:00:00', 0, 1, 10, '0000-00-00 00:00:00'),
(27, 1, 1, 'fisico', 'falda-de-flores-2', 'Falda de Flores', 'Lorem ipsum dolor sit amet, consectetur adipisicing elit. Cupiditate minus, consectetur beatae fugit odio iure repudiandae quia distinctio, id ducimus molestiae. Obcaecati, unde. Illo molestiae dolorum, saepe nisi enim iusto.', 'Lorem ipsum dolor sit amet, consectetur adipisicing elit. Cupiditate minus, consectetur beatae fugit odio iure repudiandae quia distinctio, id ducimus molestiae. Obcaecati, unde. Illo molestiae dolorum, saepe nisi enim iusto.', '', '{\"Talla\": [36,38,40],\"Color\": [\"rojo\",\"negro\",\"blanco\"],\"Marca\":null\n}', 29, 'vistas/img/productos/ropa/ropa03.jpg', 27, 378, 0, 0, 0, 1, 1, 11, 40, 'vistas/img/ofertas/Ropa-para-dama.jpg', '0000-00-00 00:00:00', 1, 1, 10, '0000-00-00 00:00:00'),
(28, 1, 1, 'fisico', 'vestido-jean-2', 'Vestido Jean', 'Lorem ipsum dolor sit amet, consectetur adipisicing elit. Cupiditate minus, consectetur beatae fugit odio iure repudiandae quia distinctio, id ducimus molestiae. Obcaecati, unde. Illo molestiae dolorum, saepe nisi enim iusto.', 'Lorem ipsum dolor sit amet, consectetur adipisicing elit. Cupiditate minus, consectetur beatae fugit odio iure repudiandae quia distinctio, id ducimus molestiae. Obcaecati, unde. Illo molestiae dolorum, saepe nisi enim iusto.', '', '{\"Talla\": [36,38,40],\"Color\": [\"rojo\",\"negro\",\"blanco\"],\"Marca\":null\n}', 29, 'vistas/img/productos/ropa/ropa04.jpg', 28, 377, 0, 0, 0, 1, 1, 11, 40, 'vistas/img/ofertas/Ropa-para-dama.jpg', '0000-00-00 00:00:00', 0, 1, 10, '0000-00-00 00:00:00'),
(29, 1, 1, 'fisico', 'vestido-clasico-2', 'Vestido Clásico', 'Lorem ipsum dolor sit amet, consectetur adipisicing elit. Cupiditate minus, consectetur beatae fugit odio iure repudiandae quia distinctio, id ducimus molestiae. Obcaecati, unde. Illo molestiae dolorum, saepe nisi enim iusto.', 'Lorem ipsum dolor sit amet, consectetur adipisicing elit. Cupiditate minus, consectetur beatae fugit odio iure repudiandae quia distinctio, id ducimus molestiae. Obcaecati, unde. Illo molestiae dolorum, saepe nisi enim iusto.', '', '{\"Talla\": [36,38,40],\"Color\": [\"rojo\",\"negro\",\"blanco\"],\"Marca\":null\n}', 29, 'vistas/img/productos/ropa/ropa02.jpg', 29, 376, 0, 0, 0, 1, 1, 11, 40, 'vistas/img/ofertas/Ropa-para-dama.jpg', '0000-00-00 00:00:00', 0, 1, 10, '0000-00-00 00:00:00'),
(30, 1, 3, 'fisico', 'top-dama-2', 'Top Dama', 'Lorem ipsum dolor sit amet, consectetur adipisicing elit. Cupiditate minus, consectetur beatae fugit odio iure repudiandae quia distinctio, id ducimus molestiae. Obcaecati, unde. Illo molestiae dolorum, saepe nisi enim iusto.', 'Lorem ipsum dolor sit amet, consectetur adipisicing elit. Cupiditate minus, consectetur beatae fugit odio iure repudiandae quia distinctio, id ducimus molestiae. Obcaecati, unde. Illo molestiae dolorum, saepe nisi enim iusto.', '', '{\"Talla\": [36,38,40],\"Color\": [\"rojo\",\"negro\",\"blanco\"],\"Marca\":null\n}', 29, 'vistas/img/productos/ropa/ropa06.jpg', 30, 375, 0, 0, 0, 0, 0, 0, 0, '', '0000-00-00 00:00:00', 0, 1, 10, '0000-00-00 00:00:00'),
(31, 2, 6, 'fisico', 'semibotas-ejecutivas-2', 'Semibotas Ejecutivas', 'Lorem ipsum dolor sit amet, consectetur adipisicing elit. Cupiditate minus, consectetur beatae fugit odio iure repudiandae quia distinctio, id ducimus molestiae. Obcaecati, unde. Illo molestiae dolorum, saepe nisi enim iusto.', 'Lorem ipsum dolor sit amet, consectetur adipisicing elit. Cupiditate minus, consectetur beatae fugit odio iure repudiandae quia distinctio, id ducimus molestiae. Obcaecati, unde. Illo molestiae dolorum, saepe nisi enim iusto.', '', '{\"Talla\": [36,38,40],\"Color\": [\"rojo\",\"negro\",\"blanco\"],\"Marca\":null\n}', 45, 'vistas/img/productos/calzado/calzado01.jpg', 31, 374, 0, 0, 0, 1, 1, 22, 50, 'vistas/img/ofertas/Calzado-para-hombre.jpg', '0000-00-00 00:00:00', 0, 1, 10, '0000-00-00 00:00:00'),
(32, 2, 7, 'fisico', 'tennis-gris-2', 'Tennis Gris', 'Lorem ipsum dolor sit amet, consectetur adipisicing elit. Cupiditate minus, consectetur beatae fugit odio iure repudiandae quia distinctio, id ducimus molestiae. Obcaecati, unde. Illo molestiae dolorum, saepe nisi enim iusto.', 'Lorem ipsum dolor sit amet, consectetur adipisicing elit. Cupiditate minus, consectetur beatae fugit odio iure repudiandae quia distinctio, id ducimus molestiae. Obcaecati, unde. Illo molestiae dolorum, saepe nisi enim iusto.', '', '{\"Talla\": [36,38,40],\"Color\": [\"rojo\",\"negro\",\"blanco\"],\"Marca\":null\n}', 55, 'vistas/img/productos/calzado/calzado02.jpg', 32, 373, 0, 0, 0, 0, 0, 0, 0, '', '0000-00-00 00:00:00', 1, 1, 10, '0000-00-00 00:00:00'),
(33, 2, 6, 'fisico', 'zapatilla-clasica-2', 'Zapatilla Clásica', 'Lorem ipsum dolor sit amet, consectetur adipisicing elit. Cupiditate minus, consectetur beatae fugit odio iure repudiandae quia distinctio, id ducimus molestiae. Obcaecati, unde. Illo molestiae dolorum, saepe nisi enim iusto.', 'Lorem ipsum dolor sit amet, consectetur adipisicing elit. Cupiditate minus, consectetur beatae fugit odio iure repudiandae quia distinctio, id ducimus molestiae. Obcaecati, unde. Illo molestiae dolorum, saepe nisi enim iusto.', '', '{\"Talla\": [36,38,40],\"Color\": [\"rojo\",\"negro\",\"blanco\"],\"Marca\":null\n}', 45, 'vistas/img/productos/calzado/calzado03.jpg', 33, 372, 0, 0, 0, 1, 1, 22, 50, 'vistas/img/ofertas/Calzado-para-hombre.jpg', '0000-00-00 00:00:00', 0, 1, 10, '0000-00-00 00:00:00'),
(34, 2, 7, 'fisico', 'tennis-verde-2', 'Tennis Verde', 'Lorem ipsum dolor sit amet, consectetur adipisicing elit. Cupiditate minus, consectetur beatae fugit odio iure repudiandae quia distinctio, id ducimus molestiae. Obcaecati, unde. Illo molestiae dolorum, saepe nisi enim iusto.', 'Lorem ipsum dolor sit amet, consectetur adipisicing elit. Cupiditate minus, consectetur beatae fugit odio iure repudiandae quia distinctio, id ducimus molestiae. Obcaecati, unde. Illo molestiae dolorum, saepe nisi enim iusto.', '', '{\"Talla\": [36,38,40],\"Color\": [\"rojo\",\"negro\",\"blanco\"],\"Marca\":null\n}', 55, 'vistas/img/productos/calzado/calzado04.jpg', 35, 371, 0, 0, 0, 0, 0, 0, 0, '', '0000-00-00 00:00:00', 0, 1, 10, '0000-00-00 00:00:00'),
(35, 2, 7, 'fisico', 'tennis-rojo-2', 'Tennis Rojo', 'Lorem ipsum dolor sit amet, consectetur adipisicing elit. Cupiditate minus, consectetur beatae fugit odio iure repudiandae quia distinctio, id ducimus molestiae. Obcaecati, unde. Illo molestiae dolorum, saepe nisi enim iusto.', 'Lorem ipsum dolor sit amet, consectetur adipisicing elit. Cupiditate minus, consectetur beatae fugit odio iure repudiandae quia distinctio, id ducimus molestiae. Obcaecati, unde. Illo molestiae dolorum, saepe nisi enim iusto.', '', '{\"Talla\": [36,38,40],\"Color\": [\"rojo\",\"negro\",\"blanco\"],\"Marca\":null\n}', 55, 'vistas/img/productos/calzado/calzado05.jpg', 35, 370, 0, 0, 0, 0, 0, 0, 0, '', '0000-00-00 00:00:00', 0, 1, 10, '0000-00-00 00:00:00'),
(36, 2, 7, 'fisico', 'tennis-azul-2', 'Tennis Azul', 'Lorem ipsum dolor sit amet, consectetur adipisicing elit. Cupiditate minus, consectetur beatae fugit odio iure repudiandae quia distinctio, id ducimus molestiae. Obcaecati, unde. Illo molestiae dolorum, saepe nisi enim iusto.', 'Lorem ipsum dolor sit amet, consectetur adipisicing elit. Cupiditate minus, consectetur beatae fugit odio iure repudiandae quia distinctio, id ducimus molestiae. Obcaecati, unde. Illo molestiae dolorum, saepe nisi enim iusto.', '', '{\"Talla\": [36,38,40],\"Color\": [\"rojo\",\"negro\",\"blanco\"],\"Marca\":null\n}', 55, 'vistas/img/productos/calzado/calzado06.jpg', 36, 369, 0, 0, 0, 0, 0, 0, 0, '', '0000-00-00 00:00:00', 0, 1, 10, '0000-00-00 00:00:00'),
(52, 1, 2, 'fisico', 'camiseta-playera-2', 'Camiseta Playera', 'Lorem ipsum dolor sit amet, consectetur adipisicing elit. Cupiditate minus, consectetur beatae fugit odio iure repudiandae quia distinctio, id ducimus molestiae. Obcaecati, unde. Illo molestiae dolorum, saepe nisi enim iusto.', 'Lorem ipsum dolor sit amet, consectetur adipisicing elit. Cupiditate minus, consectetur beatae fugit odio iure repudiandae quia distinctio, id ducimus molestiae. Obcaecati, unde. Illo molestiae dolorum, saepe nisi enim iusto.', '', '{\"Talla\": [36,38,40],\"Color\": [\"rojo\",\"negro\",\"blanco\"],\"Marca\":null\n}', 29, 'vistas/img/productos/ropa/ropa01.jpg', 52, 353, 0, 0, 0, 1, 1, 11, 40, 'vistas/img/ofertas/Ropa-para-hombre.jpg', '0000-00-00 00:00:00', 0, 1, 10, '0000-00-00 00:00:00'),
(53, 1, 1, 'fisico', 'falda-de-flores-3', 'Falda de Flores', 'Lorem ipsum dolor sit amet, consectetur adipisicing elit. Cupiditate minus, consectetur beatae fugit odio iure repudiandae quia distinctio, id ducimus molestiae. Obcaecati, unde. Illo molestiae dolorum, saepe nisi enim iusto.', 'Lorem ipsum dolor sit amet, consectetur adipisicing elit. Cupiditate minus, consectetur beatae fugit odio iure repudiandae quia distinctio, id ducimus molestiae. Obcaecati, unde. Illo molestiae dolorum, saepe nisi enim iusto.', '', '{\"Talla\": [36,38,40],\"Color\": [\"rojo\",\"negro\",\"blanco\"],\"Marca\":null\n}', 29, 'vistas/img/productos/ropa/ropa03.jpg', 53, 352, 0, 0, 0, 1, 1, 11, 40, 'vistas/img/ofertas/Ropa-para-dama.jpg', '0000-00-00 00:00:00', 1, 1, 10, '0000-00-00 00:00:00'),
(54, 1, 1, 'fisico', 'vestido-jean-3', 'Vestido Jean', 'Lorem ipsum dolor sit amet, consectetur adipisicing elit. Cupiditate minus, consectetur beatae fugit odio iure repudiandae quia distinctio, id ducimus molestiae. Obcaecati, unde. Illo molestiae dolorum, saepe nisi enim iusto.', 'Lorem ipsum dolor sit amet, consectetur adipisicing elit. Cupiditate minus, consectetur beatae fugit odio iure repudiandae quia distinctio, id ducimus molestiae. Obcaecati, unde. Illo molestiae dolorum, saepe nisi enim iusto.', '', '{\"Talla\": [36,38,40],\"Color\": [\"rojo\",\"negro\",\"blanco\"],\"Marca\":null\n}', 29, 'vistas/img/productos/ropa/ropa04.jpg', 54, 351, 0, 0, 0, 1, 1, 11, 40, 'vistas/img/ofertas/Ropa-para-dama.jpg', '0000-00-00 00:00:00', 0, 1, 10, '0000-00-00 00:00:00'),
(55, 1, 1, 'fisico', 'vestido-clasico-3', 'Vestido Clásico', 'Lorem ipsum dolor sit amet, consectetur adipisicing elit. Cupiditate minus, consectetur beatae fugit odio iure repudiandae quia distinctio, id ducimus molestiae. Obcaecati, unde. Illo molestiae dolorum, saepe nisi enim iusto.', 'Lorem ipsum dolor sit amet, consectetur adipisicing elit. Cupiditate minus, consectetur beatae fugit odio iure repudiandae quia distinctio, id ducimus molestiae. Obcaecati, unde. Illo molestiae dolorum, saepe nisi enim iusto.', '', '{\"Talla\": [36,38,40],\"Color\": [\"rojo\",\"negro\",\"blanco\"],\"Marca\":null\n}', 29, 'vistas/img/productos/ropa/ropa02.jpg', 55, 350, 0, 0, 0, 1, 1, 11, 40, 'vistas/img/ofertas/Ropa-para-dama.jpg', '0000-00-00 00:00:00', 0, 1, 10, '0000-00-00 00:00:00'),
(56, 1, 3, 'fisico', 'top-dama-3', 'Top Dama', 'Lorem ipsum dolor sit amet, consectetur adipisicing elit. Cupiditate minus, consectetur beatae fugit odio iure repudiandae quia distinctio, id ducimus molestiae. Obcaecati, unde. Illo molestiae dolorum, saepe nisi enim iusto.', 'Lorem ipsum dolor sit amet, consectetur adipisicing elit. Cupiditate minus, consectetur beatae fugit odio iure repudiandae quia distinctio, id ducimus molestiae. Obcaecati, unde. Illo molestiae dolorum, saepe nisi enim iusto.', '', '{\"Talla\": [36,38,40],\"Color\": [\"rojo\",\"negro\",\"blanco\"],\"Marca\":null\n}', 29, 'vistas/img/productos/ropa/ropa06.jpg', 56, 349, 0, 0, 0, 0, 0, 0, 0, '', '0000-00-00 00:00:00', 0, 1, 10, '0000-00-00 00:00:00'),
(57, 2, 6, 'fisico', 'semibotas-ejecutivas-3', 'Semibotas Ejecutivas', 'Lorem ipsum dolor sit amet, consectetur adipisicing elit. Cupiditate minus, consectetur beatae fugit odio iure repudiandae quia distinctio, id ducimus molestiae. Obcaecati, unde. Illo molestiae dolorum, saepe nisi enim iusto.', 'Lorem ipsum dolor sit amet, consectetur adipisicing elit. Cupiditate minus, consectetur beatae fugit odio iure repudiandae quia distinctio, id ducimus molestiae. Obcaecati, unde. Illo molestiae dolorum, saepe nisi enim iusto.', '', '{\"Talla\": [36,38,40],\"Color\": [\"rojo\",\"negro\",\"blanco\"],\"Marca\":null\n}', 45, 'vistas/img/productos/calzado/calzado01.jpg', 57, 348, 0, 0, 0, 1, 1, 22, 50, 'vistas/img/ofertas/Calzado-para-hombre.jpg', '0000-00-00 00:00:00', 0, 1, 10, '0000-00-00 00:00:00'),
(58, 2, 7, 'fisico', 'tennis-gris-3', 'Tennis Gris', 'Lorem ipsum dolor sit amet, consectetur adipisicing elit. Cupiditate minus, consectetur beatae fugit odio iure repudiandae quia distinctio, id ducimus molestiae. Obcaecati, unde. Illo molestiae dolorum, saepe nisi enim iusto.', 'Lorem ipsum dolor sit amet, consectetur adipisicing elit. Cupiditate minus, consectetur beatae fugit odio iure repudiandae quia distinctio, id ducimus molestiae. Obcaecati, unde. Illo molestiae dolorum, saepe nisi enim iusto.', '', '{\"Talla\": [36,38,40],\"Color\": [\"rojo\",\"negro\",\"blanco\"],\"Marca\":null\n}', 55, 'vistas/img/productos/calzado/calzado02.jpg', 58, 347, 0, 0, 0, 0, 0, 0, 0, '', '0000-00-00 00:00:00', 1, 1, 10, '0000-00-00 00:00:00'),
(59, 2, 6, 'fisico', 'zapatilla-clasica-3', 'Zapatilla Clásica', 'Lorem ipsum dolor sit amet, consectetur adipisicing elit. Cupiditate minus, consectetur beatae fugit odio iure repudiandae quia distinctio, id ducimus molestiae. Obcaecati, unde. Illo molestiae dolorum, saepe nisi enim iusto.', 'Lorem ipsum dolor sit amet, consectetur adipisicing elit. Cupiditate minus, consectetur beatae fugit odio iure repudiandae quia distinctio, id ducimus molestiae. Obcaecati, unde. Illo molestiae dolorum, saepe nisi enim iusto.', '', '{\"Talla\": [36,38,40],\"Color\": [\"rojo\",\"negro\",\"blanco\"],\"Marca\":null\n}', 45, 'vistas/img/productos/calzado/calzado03.jpg', 59, 346, 0, 0, 0, 1, 1, 22, 50, 'vistas/img/ofertas/Calzado-para-hombre.jpg', '0000-00-00 00:00:00', 0, 1, 10, '0000-00-00 00:00:00'),
(60, 2, 7, 'fisico', 'tennis-verde-3', 'Tennis Verde', 'Lorem ipsum dolor sit amet, consectetur adipisicing elit. Cupiditate minus, consectetur beatae fugit odio iure repudiandae quia distinctio, id ducimus molestiae. Obcaecati, unde. Illo molestiae dolorum, saepe nisi enim iusto.', 'Lorem ipsum dolor sit amet, consectetur adipisicing elit. Cupiditate minus, consectetur beatae fugit odio iure repudiandae quia distinctio, id ducimus molestiae. Obcaecati, unde. Illo molestiae dolorum, saepe nisi enim iusto.', '', '{\"Talla\": [36,38,40],\"Color\": [\"rojo\",\"negro\",\"blanco\"],\"Marca\":null\n}', 55, 'vistas/img/productos/calzado/calzado04.jpg', 63, 345, 0, 0, 0, 0, 0, 0, 0, '', '0000-00-00 00:00:00', 0, 1, 10, '2020-06-25 22:22:24'),
(61, 2, 7, 'fisico', 'tennis-rojo-3', 'Tennis Rojo', 'Lorem ipsum dolor sit amet, consectetur adipisicing elit. Cupiditate minus, consectetur beatae fugit odio iure repudiandae quia distinctio, id ducimus molestiae. Obcaecati, unde. Illo molestiae dolorum, saepe nisi enim iusto.', 'Lorem ipsum dolor sit amet, consectetur adipisicing elit. Cupiditate minus, consectetur beatae fugit odio iure repudiandae quia distinctio, id ducimus molestiae. Obcaecati, unde. Illo molestiae dolorum, saepe nisi enim iusto.', '', '{\"Talla\": [36,38,40],\"Color\": [\"rojo\",\"negro\",\"blanco\"],\"Marca\":null\n}', 55, 'vistas/img/productos/calzado/calzado05.jpg', 61, 344, 0, 0, 0, 0, 0, 0, 0, '', '0000-00-00 00:00:00', 0, 1, 10, '0000-00-00 00:00:00'),
(62, 2, 7, 'fisico', 'tennis-azul-3', 'Tennis Azul', 'Lorem ipsum dolor sit amet, consectetur adipisicing elit. Cupiditate minus, consectetur beatae fugit odio iure repudiandae quia distinctio, id ducimus molestiae. Obcaecati, unde. Illo molestiae dolorum, saepe nisi enim iusto.', 'Lorem ipsum dolor sit amet, consectetur adipisicing elit. Cupiditate minus, consectetur beatae fugit odio iure repudiandae quia distinctio, id ducimus molestiae. Obcaecati, unde. Illo molestiae dolorum, saepe nisi enim iusto.', '', '{\"Talla\": [36,38,40],\"Color\": [\"rojo\",\"negro\",\"blanco\"],\"Marca\":null\n}', 55, 'vistas/img/productos/calzado/calzado06.jpg', 62, 343, 0, 0, 0, 0, 0, 0, 0, '', '0000-00-00 00:00:00', 0, 1, 10, '0000-00-00 00:00:00'),
(78, 1, 2, 'fisico', 'camiseta-playera-3', 'Camiseta Playera', 'Lorem ipsum dolor sit amet, consectetur adipisicing elit. Cupiditate minus, consectetur beatae fugit odio iure repudiandae quia distinctio, id ducimus molestiae. Obcaecati, unde. Illo molestiae dolorum, saepe nisi enim iusto.', 'Lorem ipsum dolor sit amet, consectetur adipisicing elit. Cupiditate minus, consectetur beatae fugit odio iure repudiandae quia distinctio, id ducimus molestiae. Obcaecati, unde. Illo molestiae dolorum, saepe nisi enim iusto.', '', '{\"Talla\": [36,38,40],\"Color\": [\"rojo\",\"negro\",\"blanco\"],\"Marca\":null\n}', 29, 'vistas/img/productos/ropa/ropa01.jpg', 78, 327, 0, 0, 0, 1, 1, 11, 40, 'vistas/img/ofertas/Ropa-para-hombre.jpg', '0000-00-00 00:00:00', 0, 1, 10, '0000-00-00 00:00:00'),
(79, 1, 1, 'fisico', 'falda-de-flores-4', 'Falda de Flores', 'Lorem ipsum dolor sit amet, consectetur adipisicing elit. Cupiditate minus, consectetur beatae fugit odio iure repudiandae quia distinctio, id ducimus molestiae. Obcaecati, unde. Illo molestiae dolorum, saepe nisi enim iusto.', 'Lorem ipsum dolor sit amet, consectetur adipisicing elit. Cupiditate minus, consectetur beatae fugit odio iure repudiandae quia distinctio, id ducimus molestiae. Obcaecati, unde. Illo molestiae dolorum, saepe nisi enim iusto.', '', '{\"Talla\": [36,38,40],\"Color\": [\"rojo\",\"negro\",\"blanco\"],\"Marca\":null\n}', 29, 'vistas/img/productos/ropa/ropa03.jpg', 79, 326, 0, 0, 0, 1, 1, 11, 40, 'vistas/img/ofertas/Ropa-para-dama.jpg', '0000-00-00 00:00:00', 1, 1, 10, '0000-00-00 00:00:00'),
(80, 1, 1, 'fisico', 'vestido-jean-4', 'Vestido Jean', 'Lorem ipsum dolor sit amet, consectetur adipisicing elit. Cupiditate minus, consectetur beatae fugit odio iure repudiandae quia distinctio, id ducimus molestiae. Obcaecati, unde. Illo molestiae dolorum, saepe nisi enim iusto.', 'Lorem ipsum dolor sit amet, consectetur adipisicing elit. Cupiditate minus, consectetur beatae fugit odio iure repudiandae quia distinctio, id ducimus molestiae. Obcaecati, unde. Illo molestiae dolorum, saepe nisi enim iusto.', '', '{\"Talla\": [36,38,40],\"Color\": [\"rojo\",\"negro\",\"blanco\"],\"Marca\":null\n}', 29, 'vistas/img/productos/ropa/ropa04.jpg', 80, 325, 0, 0, 0, 1, 1, 11, 40, 'vistas/img/ofertas/Ropa-para-dama.jpg', '0000-00-00 00:00:00', 0, 1, 10, '0000-00-00 00:00:00'),
(81, 1, 1, 'fisico', 'vestido-clasico-4', 'Vestido Clásico', 'Lorem ipsum dolor sit amet, consectetur adipisicing elit. Cupiditate minus, consectetur beatae fugit odio iure repudiandae quia distinctio, id ducimus molestiae. Obcaecati, unde. Illo molestiae dolorum, saepe nisi enim iusto.', 'Lorem ipsum dolor sit amet, consectetur adipisicing elit. Cupiditate minus, consectetur beatae fugit odio iure repudiandae quia distinctio, id ducimus molestiae. Obcaecati, unde. Illo molestiae dolorum, saepe nisi enim iusto.', '', '{\"Talla\": [36,38,40],\"Color\": [\"rojo\",\"negro\",\"blanco\"],\"Marca\":null\n}', 29, 'vistas/img/productos/ropa/ropa02.jpg', 81, 324, 0, 0, 0, 1, 1, 11, 40, 'vistas/img/ofertas/Ropa-para-dama.jpg', '0000-00-00 00:00:00', 0, 1, 10, '0000-00-00 00:00:00'),
(82, 1, 3, 'fisico', 'top-dama-4', 'Top Dama', 'Lorem ipsum dolor sit amet, consectetur adipisicing elit. Cupiditate minus, consectetur beatae fugit odio iure repudiandae quia distinctio, id ducimus molestiae. Obcaecati, unde. Illo molestiae dolorum, saepe nisi enim iusto.', 'Lorem ipsum dolor sit amet, consectetur adipisicing elit. Cupiditate minus, consectetur beatae fugit odio iure repudiandae quia distinctio, id ducimus molestiae. Obcaecati, unde. Illo molestiae dolorum, saepe nisi enim iusto.', '', '{\"Talla\": [36,38,40],\"Color\": [\"rojo\",\"negro\",\"blanco\"],\"Marca\":null\n}', 29, 'vistas/img/productos/ropa/ropa06.jpg', 82, 323, 0, 0, 0, 0, 0, 0, 0, '', '0000-00-00 00:00:00', 0, 1, 10, '0000-00-00 00:00:00'),
(83, 2, 6, 'fisico', 'semibotas-ejecutivas-4', 'Semibotas Ejecutivas', 'Lorem ipsum dolor sit amet, consectetur adipisicing elit. Cupiditate minus, consectetur beatae fugit odio iure repudiandae quia distinctio, id ducimus molestiae. Obcaecati, unde. Illo molestiae dolorum, saepe nisi enim iusto.', 'Lorem ipsum dolor sit amet, consectetur adipisicing elit. Cupiditate minus, consectetur beatae fugit odio iure repudiandae quia distinctio, id ducimus molestiae. Obcaecati, unde. Illo molestiae dolorum, saepe nisi enim iusto.', '', '{\"Talla\": [36,38,40],\"Color\": [\"rojo\",\"negro\",\"blanco\"],\"Marca\":null\n}', 45, 'vistas/img/productos/calzado/calzado01.jpg', 83, 322, 0, 0, 0, 1, 1, 22, 50, 'vistas/img/ofertas/Calzado-para-hombre.jpg', '0000-00-00 00:00:00', 0, 1, 10, '0000-00-00 00:00:00'),
(84, 2, 7, 'fisico', 'tennis-gris-4', 'Tennis Gris', 'Lorem ipsum dolor sit amet, consectetur adipisicing elit. Cupiditate minus, consectetur beatae fugit odio iure repudiandae quia distinctio, id ducimus molestiae. Obcaecati, unde. Illo molestiae dolorum, saepe nisi enim iusto.', 'Lorem ipsum dolor sit amet, consectetur adipisicing elit. Cupiditate minus, consectetur beatae fugit odio iure repudiandae quia distinctio, id ducimus molestiae. Obcaecati, unde. Illo molestiae dolorum, saepe nisi enim iusto.', '', '{\"Talla\": [36,38,40],\"Color\": [\"rojo\",\"negro\",\"blanco\"],\"Marca\":null\n}', 55, 'vistas/img/productos/calzado/calzado02.jpg', 87, 321, 0, 0, 0, 0, 0, 0, 0, '', '0000-00-00 00:00:00', 1, 1, 10, '2020-06-25 22:22:21'),
(85, 2, 6, 'fisico', 'zapatilla-clasica-4', 'Zapatilla Clásica', 'Lorem ipsum dolor sit amet, consectetur adipisicing elit. Cupiditate minus, consectetur beatae fugit odio iure repudiandae quia distinctio, id ducimus molestiae. Obcaecati, unde. Illo molestiae dolorum, saepe nisi enim iusto.', 'Lorem ipsum dolor sit amet, consectetur adipisicing elit. Cupiditate minus, consectetur beatae fugit odio iure repudiandae quia distinctio, id ducimus molestiae. Obcaecati, unde. Illo molestiae dolorum, saepe nisi enim iusto.', '', '{\"Talla\": [36,38,40],\"Color\": [\"rojo\",\"negro\",\"blanco\"],\"Marca\":null\n}', 45, 'vistas/img/productos/calzado/calzado03.jpg', 85, 320, 0, 0, 0, 1, 1, 22, 50, 'vistas/img/ofertas/Calzado-para-hombre.jpg', '0000-00-00 00:00:00', 0, 1, 10, '0000-00-00 00:00:00'),
(86, 2, 7, 'fisico', 'tennis-verde-4', 'Tennis Verde', 'Lorem ipsum dolor sit amet, consectetur adipisicing elit. Cupiditate minus, consectetur beatae fugit odio iure repudiandae quia distinctio, id ducimus molestiae. Obcaecati, unde. Illo molestiae dolorum, saepe nisi enim iusto.', 'Lorem ipsum dolor sit amet, consectetur adipisicing elit. Cupiditate minus, consectetur beatae fugit odio iure repudiandae quia distinctio, id ducimus molestiae. Obcaecati, unde. Illo molestiae dolorum, saepe nisi enim iusto.', '', '{\"Talla\": [36,38,40],\"Color\": [\"rojo\",\"negro\",\"blanco\"],\"Marca\":null\n}', 55, 'vistas/img/productos/calzado/calzado04.jpg', 88, 319, 0, 0, 0, 0, 0, 0, 0, '', '0000-00-00 00:00:00', 0, 1, 10, '2020-06-25 22:22:12'),
(87, 2, 7, 'fisico', 'tennis-rojo-4', 'Tennis Rojo', 'Lorem ipsum dolor sit amet, consectetur adipisicing elit. Cupiditate minus, consectetur beatae fugit odio iure repudiandae quia distinctio, id ducimus molestiae. Obcaecati, unde. Illo molestiae dolorum, saepe nisi enim iusto.', 'Lorem ipsum dolor sit amet, consectetur adipisicing elit. Cupiditate minus, consectetur beatae fugit odio iure repudiandae quia distinctio, id ducimus molestiae. Obcaecati, unde. Illo molestiae dolorum, saepe nisi enim iusto.', '', '{\"Talla\": [36,38,40],\"Color\": [\"rojo\",\"negro\",\"blanco\"],\"Marca\":null\n}', 55, 'vistas/img/productos/calzado/calzado05.jpg', 87, 318, 0, 0, 0, 0, 0, 0, 0, '', '0000-00-00 00:00:00', 0, 1, 10, '0000-00-00 00:00:00'),
(88, 2, 7, 'fisico', 'tennis-azul-4', 'Tennis Azul', 'Lorem ipsum dolor sit amet, consectetur adipisicing elit. Cupiditate minus, consectetur beatae fugit odio iure repudiandae quia distinctio, id ducimus molestiae. Obcaecati, unde. Illo molestiae dolorum, saepe nisi enim iusto.', 'Lorem ipsum dolor sit amet, consectetur adipisicing elit. Cupiditate minus, consectetur beatae fugit odio iure repudiandae quia distinctio, id ducimus molestiae. Obcaecati, unde. Illo molestiae dolorum, saepe nisi enim iusto.', '', '{\"Talla\": [36,38,40],\"Color\": [\"rojo\",\"negro\",\"blanco\"],\"Marca\":null\n}', 55, 'vistas/img/productos/calzado/calzado06.jpg', 88, 317, 0, 0, 0, 0, 0, 0, 0, '', '0000-00-00 00:00:00', 0, 1, 10, '0000-00-00 00:00:00'),
(104, 1, 2, 'fisico', 'camiseta-playera-4', 'Camiseta Playera', 'Lorem ipsum dolor sit amet, consectetur adipisicing elit. Cupiditate minus, consectetur beatae fugit odio iure repudiandae quia distinctio, id ducimus molestiae. Obcaecati, unde. Illo molestiae dolorum, saepe nisi enim iusto.', 'Lorem ipsum dolor sit amet, consectetur adipisicing elit. Cupiditate minus, consectetur beatae fugit odio iure repudiandae quia distinctio, id ducimus molestiae. Obcaecati, unde. Illo molestiae dolorum, saepe nisi enim iusto.', '', '{\"Talla\": [36,38,40],\"Color\": [\"rojo\",\"negro\",\"blanco\"],\"Marca\":null\n}', 29, 'vistas/img/productos/ropa/ropa01.jpg', 104, 301, 14, 0, 0, 1, 1, 11, 40, 'vistas/img/ofertas/Ropa-para-hombre.jpg', '0000-00-00 00:00:00', 0, 1, 10, '2020-06-24 00:32:51'),
(105, 1, 1, 'fisico', 'falda-de-flores-5', 'Falda de Flores', 'Lorem ipsum dolor sit amet, consectetur adipisicing elit. Cupiditate minus, consectetur beatae fugit odio iure repudiandae quia distinctio, id ducimus molestiae. Obcaecati, unde. Illo molestiae dolorum, saepe nisi enim iusto.', 'Lorem ipsum dolor sit amet, consectetur adipisicing elit. Cupiditate minus, consectetur beatae fugit odio iure repudiandae quia distinctio, id ducimus molestiae. Obcaecati, unde. Illo molestiae dolorum, saepe nisi enim iusto.', '', '{\"Talla\": [36,38,40],\"Color\": [\"rojo\",\"negro\",\"blanco\"],\"Marca\":null\n}', 29, 'vistas/img/productos/ropa/ropa03.jpg', 105, 300, 2, 0, 0, 1, 1, 11, 40, 'vistas/img/ofertas/Ropa-para-dama.jpg', '0000-00-00 00:00:00', 1, 1, 10, '0000-00-00 00:00:00'),
(106, 1, 1, 'fisico', 'vestido-jean-5', 'Vestido Jean', 'Lorem ipsum dolor sit amet, consectetur adipisicing elit. Cupiditate minus, consectetur beatae fugit odio iure repudiandae quia distinctio, id ducimus molestiae. Obcaecati, unde. Illo molestiae dolorum, saepe nisi enim iusto.', 'Lorem ipsum dolor sit amet, consectetur adipisicing elit. Cupiditate minus, consectetur beatae fugit odio iure repudiandae quia distinctio, id ducimus molestiae. Obcaecati, unde. Illo molestiae dolorum, saepe nisi enim iusto.', '', '{\"Talla\": [36,38,40],\"Color\": [\"rojo\",\"negro\",\"blanco\"],\"Marca\":null\n}', 29, 'vistas/img/productos/ropa/ropa04.jpg', 106, 299, 3, 0, 0, 1, 1, 11, 40, 'vistas/img/ofertas/Ropa-para-dama.jpg', '0000-00-00 00:00:00', 0, 1, 10, '0000-00-00 00:00:00'),
(107, 1, 1, 'fisico', 'vestido-clasico-5', 'Vestido Clásico', 'Lorem ipsum dolor sit amet, consectetur adipisicing elit. Cupiditate minus, consectetur beatae fugit odio iure repudiandae quia distinctio, id ducimus molestiae. Obcaecati, unde. Illo molestiae dolorum, saepe nisi enim iusto.', 'Lorem ipsum dolor sit amet, consectetur adipisicing elit. Cupiditate minus, consectetur beatae fugit odio iure repudiandae quia distinctio, id ducimus molestiae. Obcaecati, unde. Illo molestiae dolorum, saepe nisi enim iusto.', '', '{\"Talla\": [36,38,40],\"Color\": [\"rojo\",\"negro\",\"blanco\"],\"Marca\":null\n}', 29, 'vistas/img/productos/ropa/ropa02.jpg', 107, 298, 4, 0, 0, 1, 1, 11, 40, 'vistas/img/ofertas/Ropa-para-dama.jpg', '0000-00-00 00:00:00', 0, 1, 10, '0000-00-00 00:00:00'),
(108, 1, 3, 'fisico', 'top-dama-5', 'Top Dama', 'Lorem ipsum dolor sit amet, consectetur adipisicing elit. Cupiditate minus, consectetur beatae fugit odio iure repudiandae quia distinctio, id ducimus molestiae. Obcaecati, unde. Illo molestiae dolorum, saepe nisi enim iusto.', 'Lorem ipsum dolor sit amet, consectetur adipisicing elit. Cupiditate minus, consectetur beatae fugit odio iure repudiandae quia distinctio, id ducimus molestiae. Obcaecati, unde. Illo molestiae dolorum, saepe nisi enim iusto.', '', '{\"Talla\": [36,38,40],\"Color\": [\"rojo\",\"negro\",\"blanco\"],\"Marca\":null\n}', 29, 'vistas/img/productos/ropa/ropa06.jpg', 108, 297, 5, 0, 0, 0, 0, 0, 0, '', '0000-00-00 00:00:00', 0, 1, 10, '0000-00-00 00:00:00'),
(109, 2, 6, 'fisico', 'semibotas-ejecutivas-5', 'Semibotas Ejecutivas', 'Lorem ipsum dolor sit amet, consectetur adipisicing elit. Cupiditate minus, consectetur beatae fugit odio iure repudiandae quia distinctio, id ducimus molestiae. Obcaecati, unde. Illo molestiae dolorum, saepe nisi enim iusto.', 'Lorem ipsum dolor sit amet, consectetur adipisicing elit. Cupiditate minus, consectetur beatae fugit odio iure repudiandae quia distinctio, id ducimus molestiae. Obcaecati, unde. Illo molestiae dolorum, saepe nisi enim iusto.', '', '{\"Talla\": [36,38,40],\"Color\": [\"rojo\",\"negro\",\"blanco\"],\"Marca\":null\n}', 45, 'vistas/img/productos/calzado/calzado01.jpg', 109, 296, 6, 0, 0, 1, 1, 22, 50, 'vistas/img/ofertas/Calzado-para-hombre.jpg', '0000-00-00 00:00:00', 0, 1, 10, '0000-00-00 00:00:00'),
(110, 2, 7, 'fisico', 'tennis-gris-5', 'Tennis Gris', 'Lorem ipsum dolor sit amet, consectetur adipisicing elit. Cupiditate minus, consectetur beatae fugit odio iure repudiandae quia distinctio, id ducimus molestiae. Obcaecati, unde. Illo molestiae dolorum, saepe nisi enim iusto.', 'Lorem ipsum dolor sit amet, consectetur adipisicing elit. Cupiditate minus, consectetur beatae fugit odio iure repudiandae quia distinctio, id ducimus molestiae. Obcaecati, unde. Illo molestiae dolorum, saepe nisi enim iusto.', '', '{\"Talla\": [36,38,40],\"Color\": [\"rojo\",\"negro\",\"blanco\"],\"Marca\":null\n}', 55, 'vistas/img/productos/calzado/calzado02.jpg', 111, 295, 7, 0, 0, 0, 0, 0, 0, '', '0000-00-00 00:00:00', 1, 1, 10, '2020-06-25 22:19:39'),
(111, 2, 6, 'fisico', 'zapatilla-clasica-5', 'Zapatilla Clásica', 'Lorem ipsum dolor sit amet, consectetur adipisicing elit. Cupiditate minus, consectetur beatae fugit odio iure repudiandae quia distinctio, id ducimus molestiae. Obcaecati, unde. Illo molestiae dolorum, saepe nisi enim iusto.', 'Lorem ipsum dolor sit amet, consectetur adipisicing elit. Cupiditate minus, consectetur beatae fugit odio iure repudiandae quia distinctio, id ducimus molestiae. Obcaecati, unde. Illo molestiae dolorum, saepe nisi enim iusto.', '', '{\"Talla\": [36,38,40],\"Color\": [\"rojo\",\"negro\",\"blanco\"],\"Marca\":null\n}', 45, 'vistas/img/productos/calzado/calzado03.jpg', 111, 294, 8, 0, 0, 1, 1, 22, 50, 'vistas/img/ofertas/Calzado-para-hombre.jpg', '0000-00-00 00:00:00', 0, 1, 10, '0000-00-00 00:00:00'),
(112, 2, 7, 'fisico', 'tennis-verde-5', 'Tennis Verde', 'Lorem ipsum dolor sit amet, consectetur adipisicing elit. Cupiditate minus, consectetur beatae fugit odio iure repudiandae quia distinctio, id ducimus molestiae. Obcaecati, unde. Illo molestiae dolorum, saepe nisi enim iusto.', 'Lorem ipsum dolor sit amet, consectetur adipisicing elit. Cupiditate minus, consectetur beatae fugit odio iure repudiandae quia distinctio, id ducimus molestiae. Obcaecati, unde. Illo molestiae dolorum, saepe nisi enim iusto.', '', '{\"Talla\": [36,38,40],\"Color\": [\"rojo\",\"negro\",\"blanco\"],\"Marca\":null\n}', 55, 'vistas/img/productos/calzado/calzado04.jpg', 114, 293, 9, 0, 0, 0, 0, 0, 0, '', '0000-00-00 00:00:00', 0, 1, 10, '2020-06-25 22:17:26'),
(113, 2, 7, 'fisico', 'tennis-rojo-5', 'Tennis Rojo', 'Lorem ipsum dolor sit amet, consectetur adipisicing elit. Cupiditate minus, consectetur beatae fugit odio iure repudiandae quia distinctio, id ducimus molestiae. Obcaecati, unde. Illo molestiae dolorum, saepe nisi enim iusto.', 'Lorem ipsum dolor sit amet, consectetur adipisicing elit. Cupiditate minus, consectetur beatae fugit odio iure repudiandae quia distinctio, id ducimus molestiae. Obcaecati, unde. Illo molestiae dolorum, saepe nisi enim iusto.', '', '{\"Talla\": [36,38,40],\"Color\": [\"rojo\",\"negro\",\"blanco\"],\"Marca\":null\n}', 55, 'vistas/img/productos/calzado/calzado05.jpg', 113, 292, 10, 0, 0, 0, 0, 0, 0, '', '0000-00-00 00:00:00', 0, 1, 10, '0000-00-00 00:00:00'),
(114, 2, 7, 'fisico', 'tennis-azul-5', 'Tennis Azul', 'Lorem ipsum dolor sit amet, consectetur adipisicing elit. Cupiditate minus, consectetur beatae fugit odio iure repudiandae quia distinctio, id ducimus molestiae. Obcaecati, unde. Illo molestiae dolorum, saepe nisi enim iusto.', 'Lorem ipsum dolor sit amet, consectetur adipisicing elit. Cupiditate minus, consectetur beatae fugit odio iure repudiandae quia distinctio, id ducimus molestiae. Obcaecati, unde. Illo molestiae dolorum, saepe nisi enim iusto.', '', '{\"Talla\": [36,38,40],\"Color\": [\"rojo\",\"negro\",\"blanco\"],\"Marca\":null\n}', 55, 'vistas/img/productos/calzado/calzado06.jpg', 115, 291, 11, 0, 0, 0, 0, 0, 0, '', '0000-00-00 00:00:00', 0, 1, 10, '2020-06-25 22:19:35'),
(130, 1, 2, 'fisico', 'camiseta-playera-5', 'Camiseta Playera', 'Lorem ipsum dolor sit amet, consectetur adipisicing elit. Cupiditate minus, consectetur beatae fugit odio iure repudiandae quia distinctio, id ducimus molestiae. Obcaecati, unde. Illo molestiae dolorum, saepe nisi enim iusto.', 'Lorem ipsum dolor sit amet, consectetur adipisicing elit. Cupiditate minus, consectetur beatae fugit odio iure repudiandae quia distinctio, id ducimus molestiae. Obcaecati, unde. Illo molestiae dolorum, saepe nisi enim iusto.', '', '{\"Talla\": [36,38,40],\"Color\": [\"rojo\",\"negro\",\"blanco\"],\"Marca\":null\n}', 29, 'vistas/img/productos/ropa/ropa01.jpg', 130, 275, 0, 0, 0, 1, 1, 11, 40, 'vistas/img/ofertas/Ropa-para-hombre.jpg', '0000-00-00 00:00:00', 0, 1, 10, '0000-00-00 00:00:00'),
(131, 1, 1, 'fisico', 'falda-de-flores-6', 'Falda de Flores', 'Lorem ipsum dolor sit amet, consectetur adipisicing elit. Cupiditate minus, consectetur beatae fugit odio iure repudiandae quia distinctio, id ducimus molestiae. Obcaecati, unde. Illo molestiae dolorum, saepe nisi enim iusto.', 'Lorem ipsum dolor sit amet, consectetur adipisicing elit. Cupiditate minus, consectetur beatae fugit odio iure repudiandae quia distinctio, id ducimus molestiae. Obcaecati, unde. Illo molestiae dolorum, saepe nisi enim iusto.', '', '{\"Talla\": [36,38,40],\"Color\": [\"rojo\",\"negro\",\"blanco\"],\"Marca\":null\n}', 29, 'vistas/img/productos/ropa/ropa03.jpg', 131, 274, 0, 0, 0, 1, 1, 11, 40, 'vistas/img/ofertas/Ropa-para-dama.jpg', '0000-00-00 00:00:00', 1, 1, 10, '0000-00-00 00:00:00'),
(132, 1, 1, 'fisico', 'vestido-jean-6', 'Vestido Jean', 'Lorem ipsum dolor sit amet, consectetur adipisicing elit. Cupiditate minus, consectetur beatae fugit odio iure repudiandae quia distinctio, id ducimus molestiae. Obcaecati, unde. Illo molestiae dolorum, saepe nisi enim iusto.', 'Lorem ipsum dolor sit amet, consectetur adipisicing elit. Cupiditate minus, consectetur beatae fugit odio iure repudiandae quia distinctio, id ducimus molestiae. Obcaecati, unde. Illo molestiae dolorum, saepe nisi enim iusto.', '', '{\"Talla\": [36,38,40],\"Color\": [\"rojo\",\"negro\",\"blanco\"],\"Marca\":null\n}', 29, 'vistas/img/productos/ropa/ropa04.jpg', 132, 273, 0, 0, 0, 1, 1, 11, 40, 'vistas/img/ofertas/Ropa-para-dama.jpg', '0000-00-00 00:00:00', 0, 1, 10, '0000-00-00 00:00:00'),
(133, 1, 1, 'fisico', 'vestido-clasico-6', 'Vestido Clásico', 'Lorem ipsum dolor sit amet, consectetur adipisicing elit. Cupiditate minus, consectetur beatae fugit odio iure repudiandae quia distinctio, id ducimus molestiae. Obcaecati, unde. Illo molestiae dolorum, saepe nisi enim iusto.', 'Lorem ipsum dolor sit amet, consectetur adipisicing elit. Cupiditate minus, consectetur beatae fugit odio iure repudiandae quia distinctio, id ducimus molestiae. Obcaecati, unde. Illo molestiae dolorum, saepe nisi enim iusto.', '', '{\"Talla\": [36,38,40],\"Color\": [\"rojo\",\"negro\",\"blanco\"],\"Marca\":null\n}', 29, 'vistas/img/productos/ropa/ropa02.jpg', 133, 272, 0, 0, 0, 1, 1, 11, 40, 'vistas/img/ofertas/Ropa-para-dama.jpg', '0000-00-00 00:00:00', 0, 1, 10, '0000-00-00 00:00:00'),
(134, 1, 3, 'fisico', 'top-dama-6', 'Top Dama', 'Lorem ipsum dolor sit amet, consectetur adipisicing elit. Cupiditate minus, consectetur beatae fugit odio iure repudiandae quia distinctio, id ducimus molestiae. Obcaecati, unde. Illo molestiae dolorum, saepe nisi enim iusto.', 'Lorem ipsum dolor sit amet, consectetur adipisicing elit. Cupiditate minus, consectetur beatae fugit odio iure repudiandae quia distinctio, id ducimus molestiae. Obcaecati, unde. Illo molestiae dolorum, saepe nisi enim iusto.', '', '{\"Talla\": [36,38,40],\"Color\": [\"rojo\",\"negro\",\"blanco\"],\"Marca\":null\n}', 29, 'vistas/img/productos/ropa/ropa06.jpg', 134, 271, 0, 0, 0, 0, 0, 0, 0, '', '0000-00-00 00:00:00', 0, 1, 10, '0000-00-00 00:00:00'),
(135, 2, 6, 'fisico', 'semibotas-ejecutivas-6', 'Semibotas Ejecutivas', 'Lorem ipsum dolor sit amet, consectetur adipisicing elit. Cupiditate minus, consectetur beatae fugit odio iure repudiandae quia distinctio, id ducimus molestiae. Obcaecati, unde. Illo molestiae dolorum, saepe nisi enim iusto.', 'Lorem ipsum dolor sit amet, consectetur adipisicing elit. Cupiditate minus, consectetur beatae fugit odio iure repudiandae quia distinctio, id ducimus molestiae. Obcaecati, unde. Illo molestiae dolorum, saepe nisi enim iusto.', '', '{\"Talla\": [36,38,40],\"Color\": [\"rojo\",\"negro\",\"blanco\"],\"Marca\":null\n}', 45, 'vistas/img/productos/calzado/calzado01.jpg', 135, 270, 0, 0, 0, 1, 1, 22, 50, 'vistas/img/ofertas/Calzado-para-hombre.jpg', '0000-00-00 00:00:00', 0, 1, 10, '0000-00-00 00:00:00'),
(136, 2, 7, 'fisico', 'tennis-gris-6', 'Tennis Gris', 'Lorem ipsum dolor sit amet, consectetur adipisicing elit. Cupiditate minus, consectetur beatae fugit odio iure repudiandae quia distinctio, id ducimus molestiae. Obcaecati, unde. Illo molestiae dolorum, saepe nisi enim iusto.', 'Lorem ipsum dolor sit amet, consectetur adipisicing elit. Cupiditate minus, consectetur beatae fugit odio iure repudiandae quia distinctio, id ducimus molestiae. Obcaecati, unde. Illo molestiae dolorum, saepe nisi enim iusto.', '', '{\"Talla\": [36,38,40],\"Color\": [\"rojo\",\"negro\",\"blanco\"],\"Marca\":null\n}', 55, 'vistas/img/productos/calzado/calzado02.jpg', 136, 269, 0, 0, 0, 0, 0, 0, 0, '', '0000-00-00 00:00:00', 1, 1, 10, '0000-00-00 00:00:00'),
(137, 2, 6, 'fisico', 'zapatilla-clasica-6', 'Zapatilla Clásica', 'Lorem ipsum dolor sit amet, consectetur adipisicing elit. Cupiditate minus, consectetur beatae fugit odio iure repudiandae quia distinctio, id ducimus molestiae. Obcaecati, unde. Illo molestiae dolorum, saepe nisi enim iusto.', 'Lorem ipsum dolor sit amet, consectetur adipisicing elit. Cupiditate minus, consectetur beatae fugit odio iure repudiandae quia distinctio, id ducimus molestiae. Obcaecati, unde. Illo molestiae dolorum, saepe nisi enim iusto.', '', '{\"Talla\": [36,38,40],\"Color\": [\"rojo\",\"negro\",\"blanco\"],\"Marca\":null\n}', 45, 'vistas/img/productos/calzado/calzado03.jpg', 137, 268, 0, 0, 0, 1, 1, 22, 50, 'vistas/img/ofertas/Calzado-para-hombre.jpg', '0000-00-00 00:00:00', 0, 1, 10, '0000-00-00 00:00:00'),
(138, 2, 7, 'fisico', 'tennis-verde-6', 'Tennis Verde', 'Lorem ipsum dolor sit amet, consectetur adipisicing elit. Cupiditate minus, consectetur beatae fugit odio iure repudiandae quia distinctio, id ducimus molestiae. Obcaecati, unde. Illo molestiae dolorum, saepe nisi enim iusto.', 'Lorem ipsum dolor sit amet, consectetur adipisicing elit. Cupiditate minus, consectetur beatae fugit odio iure repudiandae quia distinctio, id ducimus molestiae. Obcaecati, unde. Illo molestiae dolorum, saepe nisi enim iusto.', '', '{\"Talla\": [36,38,40],\"Color\": [\"rojo\",\"negro\",\"blanco\"],\"Marca\":null\n}', 55, 'vistas/img/productos/calzado/calzado04.jpg', 138, 267, 0, 0, 0, 0, 0, 0, 0, '', '0000-00-00 00:00:00', 0, 1, 10, '0000-00-00 00:00:00'),
(139, 2, 7, 'fisico', 'tennis-rojo-6', 'Tennis Rojo', 'Lorem ipsum dolor sit amet, consectetur adipisicing elit. Cupiditate minus, consectetur beatae fugit odio iure repudiandae quia distinctio, id ducimus molestiae. Obcaecati, unde. Illo molestiae dolorum, saepe nisi enim iusto.', 'Lorem ipsum dolor sit amet, consectetur adipisicing elit. Cupiditate minus, consectetur beatae fugit odio iure repudiandae quia distinctio, id ducimus molestiae. Obcaecati, unde. Illo molestiae dolorum, saepe nisi enim iusto.', '', '{\"Talla\": [36,38,40],\"Color\": [\"rojo\",\"negro\",\"blanco\"],\"Marca\":null\n}', 55, 'vistas/img/productos/calzado/calzado05.jpg', 139, 266, 0, 0, 0, 0, 0, 0, 0, '', '0000-00-00 00:00:00', 0, 1, 10, '0000-00-00 00:00:00');
INSERT INTO `productos` (`id`, `id_categoria`, `id_subcategoria`, `tipo`, `ruta`, `titulo`, `titular`, `descripcion`, `multimedia`, `detalles`, `precio`, `portada`, `vistas`, `ventas`, `vistasGratis`, `ventasGratis`, `ofertadoPorCategoria`, `ofertadoPorSubCategoria`, `oferta`, `precioOferta`, `descuentoOferta`, `imgOferta`, `finOferta`, `nuevo`, `peso`, `entrega`, `fecha`) VALUES
(140, 2, 7, 'fisico', 'tennis-azul-6', 'Tennis Azul', 'Lorem ipsum dolor sit amet, consectetur adipisicing elit. Cupiditate minus, consectetur beatae fugit odio iure repudiandae quia distinctio, id ducimus molestiae. Obcaecati, unde. Illo molestiae dolorum, saepe nisi enim iusto.', 'Lorem ipsum dolor sit amet, consectetur adipisicing elit. Cupiditate minus, consectetur beatae fugit odio iure repudiandae quia distinctio, id ducimus molestiae. Obcaecati, unde. Illo molestiae dolorum, saepe nisi enim iusto.', '', '{\"Talla\": [36,38,40],\"Color\": [\"rojo\",\"negro\",\"blanco\"],\"Marca\":null\n}', 55, 'vistas/img/productos/calzado/calzado06.jpg', 140, 265, 0, 0, 0, 0, 0, 0, 0, '', '0000-00-00 00:00:00', 0, 1, 10, '0000-00-00 00:00:00'),
(156, 1, 2, 'fisico', 'camiseta-playera-6', 'Camiseta Playera', 'Lorem ipsum dolor sit amet, consectetur adipisicing elit. Cupiditate minus, consectetur beatae fugit odio iure repudiandae quia distinctio, id ducimus molestiae. Obcaecati, unde. Illo molestiae dolorum, saepe nisi enim iusto.', 'Lorem ipsum dolor sit amet, consectetur adipisicing elit. Cupiditate minus, consectetur beatae fugit odio iure repudiandae quia distinctio, id ducimus molestiae. Obcaecati, unde. Illo molestiae dolorum, saepe nisi enim iusto.', '', '{\"Talla\": [36,38,40],\"Color\": [\"rojo\",\"negro\",\"blanco\"],\"Marca\":null\n}', 29, 'vistas/img/productos/ropa/ropa01.jpg', 156, 249, 0, 0, 0, 1, 1, 11, 40, 'vistas/img/ofertas/Ropa-para-hombre.jpg', '0000-00-00 00:00:00', 0, 1, 10, '0000-00-00 00:00:00'),
(157, 1, 1, 'fisico', 'falda-de-flores-7', 'Falda de Flores', 'Lorem ipsum dolor sit amet, consectetur adipisicing elit. Cupiditate minus, consectetur beatae fugit odio iure repudiandae quia distinctio, id ducimus molestiae. Obcaecati, unde. Illo molestiae dolorum, saepe nisi enim iusto.', 'Lorem ipsum dolor sit amet, consectetur adipisicing elit. Cupiditate minus, consectetur beatae fugit odio iure repudiandae quia distinctio, id ducimus molestiae. Obcaecati, unde. Illo molestiae dolorum, saepe nisi enim iusto.', '', '{\"Talla\": [36,38,40],\"Color\": [\"rojo\",\"negro\",\"blanco\"],\"Marca\":null\n}', 29, 'vistas/img/productos/ropa/ropa03.jpg', 157, 248, 0, 0, 0, 1, 1, 11, 40, 'vistas/img/ofertas/Ropa-para-dama.jpg', '0000-00-00 00:00:00', 1, 1, 10, '0000-00-00 00:00:00'),
(158, 1, 1, 'fisico', 'vestido-jean-7', 'Vestido Jean', 'Lorem ipsum dolor sit amet, consectetur adipisicing elit. Cupiditate minus, consectetur beatae fugit odio iure repudiandae quia distinctio, id ducimus molestiae. Obcaecati, unde. Illo molestiae dolorum, saepe nisi enim iusto.', 'Lorem ipsum dolor sit amet, consectetur adipisicing elit. Cupiditate minus, consectetur beatae fugit odio iure repudiandae quia distinctio, id ducimus molestiae. Obcaecati, unde. Illo molestiae dolorum, saepe nisi enim iusto.', '', '{\"Talla\": [36,38,40],\"Color\": [\"rojo\",\"negro\",\"blanco\"],\"Marca\":null\n}', 29, 'vistas/img/productos/ropa/ropa04.jpg', 158, 247, 0, 0, 0, 1, 1, 11, 40, 'vistas/img/ofertas/Ropa-para-dama.jpg', '0000-00-00 00:00:00', 0, 1, 10, '0000-00-00 00:00:00'),
(159, 1, 1, 'fisico', 'vestido-clasico-7', 'Vestido Clásico', 'Lorem ipsum dolor sit amet, consectetur adipisicing elit. Cupiditate minus, consectetur beatae fugit odio iure repudiandae quia distinctio, id ducimus molestiae. Obcaecati, unde. Illo molestiae dolorum, saepe nisi enim iusto.', 'Lorem ipsum dolor sit amet, consectetur adipisicing elit. Cupiditate minus, consectetur beatae fugit odio iure repudiandae quia distinctio, id ducimus molestiae. Obcaecati, unde. Illo molestiae dolorum, saepe nisi enim iusto.', '', '{\"Talla\": [36,38,40],\"Color\": [\"rojo\",\"negro\",\"blanco\"],\"Marca\":null\n}', 29, 'vistas/img/productos/ropa/ropa02.jpg', 159, 246, 0, 0, 0, 1, 1, 11, 40, 'vistas/img/ofertas/Ropa-para-dama.jpg', '0000-00-00 00:00:00', 0, 1, 10, '0000-00-00 00:00:00'),
(160, 1, 3, 'fisico', 'top-dama-7', 'Top Dama', 'Lorem ipsum dolor sit amet, consectetur adipisicing elit. Cupiditate minus, consectetur beatae fugit odio iure repudiandae quia distinctio, id ducimus molestiae. Obcaecati, unde. Illo molestiae dolorum, saepe nisi enim iusto.', 'Lorem ipsum dolor sit amet, consectetur adipisicing elit. Cupiditate minus, consectetur beatae fugit odio iure repudiandae quia distinctio, id ducimus molestiae. Obcaecati, unde. Illo molestiae dolorum, saepe nisi enim iusto.', '', '{\"Talla\": [36,38,40],\"Color\": [\"rojo\",\"negro\",\"blanco\"],\"Marca\":null\n}', 29, 'vistas/img/productos/ropa/ropa06.jpg', 160, 245, 0, 0, 0, 0, 0, 0, 0, '', '0000-00-00 00:00:00', 0, 1, 10, '0000-00-00 00:00:00'),
(161, 2, 6, 'fisico', 'semibotas-ejecutivas-7', 'Semibotas Ejecutivas', 'Lorem ipsum dolor sit amet, consectetur adipisicing elit. Cupiditate minus, consectetur beatae fugit odio iure repudiandae quia distinctio, id ducimus molestiae. Obcaecati, unde. Illo molestiae dolorum, saepe nisi enim iusto.', 'Lorem ipsum dolor sit amet, consectetur adipisicing elit. Cupiditate minus, consectetur beatae fugit odio iure repudiandae quia distinctio, id ducimus molestiae. Obcaecati, unde. Illo molestiae dolorum, saepe nisi enim iusto.', '', '{\"Talla\": [36,38,40],\"Color\": [\"rojo\",\"negro\",\"blanco\"],\"Marca\":null\n}', 45, 'vistas/img/productos/calzado/calzado01.jpg', 161, 244, 0, 0, 0, 1, 1, 22, 50, 'vistas/img/ofertas/Calzado-para-hombre.jpg', '0000-00-00 00:00:00', 0, 1, 10, '0000-00-00 00:00:00'),
(162, 2, 7, 'fisico', 'tennis-gris-7', 'Tennis Gris', 'Lorem ipsum dolor sit amet, consectetur adipisicing elit. Cupiditate minus, consectetur beatae fugit odio iure repudiandae quia distinctio, id ducimus molestiae. Obcaecati, unde. Illo molestiae dolorum, saepe nisi enim iusto.', 'Lorem ipsum dolor sit amet, consectetur adipisicing elit. Cupiditate minus, consectetur beatae fugit odio iure repudiandae quia distinctio, id ducimus molestiae. Obcaecati, unde. Illo molestiae dolorum, saepe nisi enim iusto.', '', '{\"Talla\": [36,38,40],\"Color\": [\"rojo\",\"negro\",\"blanco\"],\"Marca\":null\n}', 55, 'vistas/img/productos/calzado/calzado02.jpg', 162, 243, 0, 0, 0, 0, 0, 0, 0, '', '0000-00-00 00:00:00', 1, 1, 10, '0000-00-00 00:00:00'),
(163, 2, 6, 'fisico', 'zapatilla-clasica-7', 'Zapatilla Clásica', 'Lorem ipsum dolor sit amet, consectetur adipisicing elit. Cupiditate minus, consectetur beatae fugit odio iure repudiandae quia distinctio, id ducimus molestiae. Obcaecati, unde. Illo molestiae dolorum, saepe nisi enim iusto.', 'Lorem ipsum dolor sit amet, consectetur adipisicing elit. Cupiditate minus, consectetur beatae fugit odio iure repudiandae quia distinctio, id ducimus molestiae. Obcaecati, unde. Illo molestiae dolorum, saepe nisi enim iusto.', '', '{\"Talla\": [36,38,40],\"Color\": [\"rojo\",\"negro\",\"blanco\"],\"Marca\":null\n}', 45, 'vistas/img/productos/calzado/calzado03.jpg', 163, 242, 0, 0, 0, 1, 1, 22, 50, 'vistas/img/ofertas/Calzado-para-hombre.jpg', '0000-00-00 00:00:00', 0, 1, 10, '0000-00-00 00:00:00'),
(164, 2, 7, 'fisico', 'tennis-verde-7', 'Tennis Verde', 'Lorem ipsum dolor sit amet, consectetur adipisicing elit. Cupiditate minus, consectetur beatae fugit odio iure repudiandae quia distinctio, id ducimus molestiae. Obcaecati, unde. Illo molestiae dolorum, saepe nisi enim iusto.', 'Lorem ipsum dolor sit amet, consectetur adipisicing elit. Cupiditate minus, consectetur beatae fugit odio iure repudiandae quia distinctio, id ducimus molestiae. Obcaecati, unde. Illo molestiae dolorum, saepe nisi enim iusto.', '', '{\"Talla\": [36,38,40],\"Color\": [\"rojo\",\"negro\",\"blanco\"],\"Marca\":null\n}', 55, 'vistas/img/productos/calzado/calzado04.jpg', 164, 241, 0, 0, 0, 0, 0, 0, 0, '', '0000-00-00 00:00:00', 0, 1, 10, '0000-00-00 00:00:00'),
(165, 2, 7, 'fisico', 'tennis-rojo-7', 'Tennis Rojo', 'Lorem ipsum dolor sit amet, consectetur adipisicing elit. Cupiditate minus, consectetur beatae fugit odio iure repudiandae quia distinctio, id ducimus molestiae. Obcaecati, unde. Illo molestiae dolorum, saepe nisi enim iusto.', 'Lorem ipsum dolor sit amet, consectetur adipisicing elit. Cupiditate minus, consectetur beatae fugit odio iure repudiandae quia distinctio, id ducimus molestiae. Obcaecati, unde. Illo molestiae dolorum, saepe nisi enim iusto.', '', '{\"Talla\": [36,38,40],\"Color\": [\"rojo\",\"negro\",\"blanco\"],\"Marca\":null\n}', 55, 'vistas/img/productos/calzado/calzado05.jpg', 165, 240, 0, 0, 0, 0, 0, 0, 0, '', '0000-00-00 00:00:00', 0, 1, 10, '0000-00-00 00:00:00'),
(182, 1, 2, 'fisico', 'camiseta-playera-7', 'Camiseta Playera', 'Lorem ipsum dolor sit amet, consectetur adipisicing elit. Cupiditate minus, consectetur beatae fugit odio iure repudiandae quia distinctio, id ducimus molestiae. Obcaecati, unde. Illo molestiae dolorum, saepe nisi enim iusto.', 'Lorem ipsum dolor sit amet, consectetur adipisicing elit. Cupiditate minus, consectetur beatae fugit odio iure repudiandae quia distinctio, id ducimus molestiae. Obcaecati, unde. Illo molestiae dolorum, saepe nisi enim iusto.', '', '{\"Talla\": [36,38,40],\"Color\": [\"rojo\",\"negro\",\"blanco\"],\"Marca\":null\n}', 29, 'vistas/img/productos/ropa/ropa01.jpg', 182, 223, 0, 0, 0, 1, 1, 11, 40, 'vistas/img/ofertas/Ropa-para-hombre.jpg', '0000-00-00 00:00:00', 0, 1, 10, '0000-00-00 00:00:00'),
(183, 1, 1, 'fisico', 'falda-de-flores-8', 'Falda de Flores', 'Lorem ipsum dolor sit amet, consectetur adipisicing elit. Cupiditate minus, consectetur beatae fugit odio iure repudiandae quia distinctio, id ducimus molestiae. Obcaecati, unde. Illo molestiae dolorum, saepe nisi enim iusto.', 'Lorem ipsum dolor sit amet, consectetur adipisicing elit. Cupiditate minus, consectetur beatae fugit odio iure repudiandae quia distinctio, id ducimus molestiae. Obcaecati, unde. Illo molestiae dolorum, saepe nisi enim iusto.', '', '{\"Talla\": [36,38,40],\"Color\": [\"rojo\",\"negro\",\"blanco\"],\"Marca\":null\n}', 29, 'vistas/img/productos/ropa/ropa03.jpg', 183, 222, 0, 0, 0, 1, 1, 11, 40, 'vistas/img/ofertas/Ropa-para-dama.jpg', '0000-00-00 00:00:00', 1, 1, 10, '0000-00-00 00:00:00'),
(184, 1, 1, 'fisico', 'vestido-jean-8', 'Vestido Jean', 'Lorem ipsum dolor sit amet, consectetur adipisicing elit. Cupiditate minus, consectetur beatae fugit odio iure repudiandae quia distinctio, id ducimus molestiae. Obcaecati, unde. Illo molestiae dolorum, saepe nisi enim iusto.', 'Lorem ipsum dolor sit amet, consectetur adipisicing elit. Cupiditate minus, consectetur beatae fugit odio iure repudiandae quia distinctio, id ducimus molestiae. Obcaecati, unde. Illo molestiae dolorum, saepe nisi enim iusto.', '', '{\"Talla\": [36,38,40],\"Color\": [\"rojo\",\"negro\",\"blanco\"],\"Marca\":null\n}', 29, 'vistas/img/productos/ropa/ropa04.jpg', 184, 221, 0, 0, 0, 1, 1, 11, 40, 'vistas/img/ofertas/Ropa-para-dama.jpg', '0000-00-00 00:00:00', 0, 1, 10, '0000-00-00 00:00:00'),
(185, 1, 1, 'fisico', 'vestido-clasico-8', 'Vestido Clásico', 'Lorem ipsum dolor sit amet, consectetur adipisicing elit. Cupiditate minus, consectetur beatae fugit odio iure repudiandae quia distinctio, id ducimus molestiae. Obcaecati, unde. Illo molestiae dolorum, saepe nisi enim iusto.', 'Lorem ipsum dolor sit amet, consectetur adipisicing elit. Cupiditate minus, consectetur beatae fugit odio iure repudiandae quia distinctio, id ducimus molestiae. Obcaecati, unde. Illo molestiae dolorum, saepe nisi enim iusto.', '', '{\"Talla\": [36,38,40],\"Color\": [\"rojo\",\"negro\",\"blanco\"],\"Marca\":null\n}', 29, 'vistas/img/productos/ropa/ropa02.jpg', 185, 220, 0, 0, 0, 1, 1, 11, 40, 'vistas/img/ofertas/Ropa-para-dama.jpg', '0000-00-00 00:00:00', 0, 1, 10, '0000-00-00 00:00:00'),
(186, 1, 3, 'fisico', 'top-dama-8', 'Top Dama', 'Lorem ipsum dolor sit amet, consectetur adipisicing elit. Cupiditate minus, consectetur beatae fugit odio iure repudiandae quia distinctio, id ducimus molestiae. Obcaecati, unde. Illo molestiae dolorum, saepe nisi enim iusto.', 'Lorem ipsum dolor sit amet, consectetur adipisicing elit. Cupiditate minus, consectetur beatae fugit odio iure repudiandae quia distinctio, id ducimus molestiae. Obcaecati, unde. Illo molestiae dolorum, saepe nisi enim iusto.', '', '{\"Talla\": [36,38,40],\"Color\": [\"rojo\",\"negro\",\"blanco\"],\"Marca\":null\n}', 29, 'vistas/img/productos/ropa/ropa06.jpg', 186, 219, 0, 0, 0, 0, 0, 0, 0, '', '0000-00-00 00:00:00', 0, 1, 10, '0000-00-00 00:00:00'),
(405, 1, 1, 'fisico', 'falda-de-flores-9', 'Falda de Flores', 'Lorem ipsum dolor sit amet, consectetur adipisicing elit. Cupiditate minus, consectetur beatae fugit odio iure repudiandae quia distinctio, id ducimus molestiae. Obcaecati, unde. Illo molestiae dolorum, saepe nisi enim iusto.', 'Lorem ipsum dolor sit amet, consectetur adipisicing elit. Iusto maxime quas modi, eveniet fugiat. Alias voluptatem cum consectetur nobis quod, excepturi recusandae, itaque facere minima officiis autem illum, perferendis provident! Lorem ipsum dolor sit amet, consectetur adipisicing elit. Iusto maxime quas modi, eveniet fugiat. Alias voluptatem cum consectetur nobis quod, excepturi recusandae, itaque facere minima officiis autem illum, perferendis provident!', '', '{\"Talla\": [36,38,40],\"Color\": [\"rojo\",\"negro\",\"blanco\"],\"Marca\":null\n}', 0, 'vistas/img/productos/ropa/ropa03.jpg', 0, 0, 1, 2, 0, 0, 0, 0, 0, '', '0000-00-00 00:00:00', 0, 1, 10, '0000-00-00 00:00:00'),
(406, 1, 1, 'fisico', 'vestido-jean-9', 'Vestido Jean', 'Lorem ipsum dolor sit amet, consectetur adipisicing elit. Cupiditate minus, consectetur beatae fugit odio iure repudiandae quia distinctio, id ducimus molestiae. Obcaecati, unde. Illo molestiae dolorum, saepe nisi enim iusto.', 'Lorem ipsum dolor sit amet, consectetur adipisicing elit. Iusto maxime quas modi, eveniet fugiat. Alias voluptatem cum consectetur nobis quod, excepturi recusandae, itaque facere minima officiis autem illum, perferendis provident! Lorem ipsum dolor sit amet, consectetur adipisicing elit. Iusto maxime quas modi, eveniet fugiat. Alias voluptatem cum consectetur nobis quod, excepturi recusandae, itaque facere minima officiis autem illum, perferendis provident!', '', '{\"Talla\": [36,38,40],\"Color\": [\"rojo\",\"negro\",\"blanco\"],\"Marca\":null\n}', 0, 'vistas/img/productos/ropa/ropa04.jpg', 0, 0, 2, 65, 0, 0, 0, 0, 0, '', '0000-00-00 00:00:00', 0, 1, 10, '0000-00-00 00:00:00'),
(407, 1, 1, 'fisico', 'vestido-clasico-9', 'Vestido Clásico', 'Lorem ipsum dolor sit amet, consectetur adipisicing elit. Cupiditate minus, consectetur beatae fugit odio iure repudiandae quia distinctio, id ducimus molestiae. Obcaecati, unde. Illo molestiae dolorum, saepe nisi enim iusto.', 'Lorem ipsum dolor sit amet, consectetur adipisicing elit. Iusto maxime quas modi, eveniet fugiat. Alias voluptatem cum consectetur nobis quod, excepturi recusandae, itaque facere minima officiis autem illum, perferendis provident! Lorem ipsum dolor sit amet, consectetur adipisicing elit. Iusto maxime quas modi, eveniet fugiat. Alias voluptatem cum consectetur nobis quod, excepturi recusandae, itaque facere minima officiis autem illum, perferendis provident!', '', '{\"Talla\": [36,38,40],\"Color\": [\"rojo\",\"negro\",\"blanco\"],\"Marca\":null\n}', 0, 'vistas/img/productos/ropa/ropa02.jpg', 0, 0, 3, 64, 0, 0, 0, 0, 0, '', '0000-00-00 00:00:00', 0, 1, 10, '0000-00-00 00:00:00'),
(408, 1, 3, 'fisico', 'top-dama-9', 'Top Dama', 'Lorem ipsum dolor sit amet, consectetur adipisicing elit. Cupiditate minus, consectetur beatae fugit odio iure repudiandae quia distinctio, id ducimus molestiae. Obcaecati, unde. Illo molestiae dolorum, saepe nisi enim iusto.', 'Lorem ipsum dolor sit amet, consectetur adipisicing elit. Iusto maxime quas modi, eveniet fugiat. Alias voluptatem cum consectetur nobis quod, excepturi recusandae, itaque facere minima officiis autem illum, perferendis provident! Lorem ipsum dolor sit amet, consectetur adipisicing elit. Iusto maxime quas modi, eveniet fugiat. Alias voluptatem cum consectetur nobis quod, excepturi recusandae, itaque facere minima officiis autem illum, perferendis provident!', '', '{\"Talla\": [36,38,40],\"Color\": [\"rojo\",\"negro\",\"blanco\"],\"Marca\":null\n}', 0, 'vistas/img/productos/ropa/ropa06.jpg', 0, 0, 4, 63, 0, 0, 0, 0, 0, '', '0000-00-00 00:00:00', 0, 1, 10, '0000-00-00 00:00:00'),
(409, 2, 6, 'fisico', 'semibotas-ejecutivas-9', 'Semibotas Ejecutivas', 'Lorem ipsum dolor sit amet, consectetur adipisicing elit. Cupiditate minus, consectetur beatae fugit odio iure repudiandae quia distinctio, id ducimus molestiae. Obcaecati, unde. Illo molestiae dolorum, saepe nisi enim iusto.', 'Lorem ipsum dolor sit amet, consectetur adipisicing elit. Iusto maxime quas modi, eveniet fugiat. Alias voluptatem cum consectetur nobis quod, excepturi recusandae, itaque facere minima officiis autem illum, perferendis provident! Lorem ipsum dolor sit amet, consectetur adipisicing elit. Iusto maxime quas modi, eveniet fugiat. Alias voluptatem cum consectetur nobis quod, excepturi recusandae, itaque facere minima officiis autem illum, perferendis provident!', '', '{\"Talla\": [36,38,40],\"Color\": [\"rojo\",\"negro\",\"blanco\"],\"Marca\":null\n}', 0, 'vistas/img/productos/calzado/calzado01.jpg', 0, 0, 5, 62, 0, 0, 0, 0, 0, '', '0000-00-00 00:00:00', 0, 1, 10, '0000-00-00 00:00:00'),
(410, 2, 7, 'fisico', 'tennis-gris-9', 'Tennis Gris', 'Lorem ipsum dolor sit amet, consectetur adipisicing elit. Cupiditate minus, consectetur beatae fugit odio iure repudiandae quia distinctio, id ducimus molestiae. Obcaecati, unde. Illo molestiae dolorum, saepe nisi enim iusto.', 'Lorem ipsum dolor sit amet, consectetur adipisicing elit. Iusto maxime quas modi, eveniet fugiat. Alias voluptatem cum consectetur nobis quod, excepturi recusandae, itaque facere minima officiis autem illum, perferendis provident! Lorem ipsum dolor sit amet, consectetur adipisicing elit. Iusto maxime quas modi, eveniet fugiat. Alias voluptatem cum consectetur nobis quod, excepturi recusandae, itaque facere minima officiis autem illum, perferendis provident!', '', '{\"Talla\": [36,38,40],\"Color\": [\"rojo\",\"negro\",\"blanco\"],\"Marca\":null\n}', 55, 'vistas/img/productos/calzado/calzado02.jpg', 190, 215, 0, 0, 0, 0, 0, 0, 0, '', '0000-00-00 00:00:00', 0, 1, 10, '0000-00-00 00:00:00'),
(411, 2, 6, 'fisico', 'zapatilla-clasica-9', 'Zapatilla Clásica', 'Lorem ipsum dolor sit amet, consectetur adipisicing elit. Cupiditate minus, consectetur beatae fugit odio iure repudiandae quia distinctio, id ducimus molestiae. Obcaecati, unde. Illo molestiae dolorum, saepe nisi enim iusto.', 'Lorem ipsum dolor sit amet, consectetur adipisicing elit. Iusto maxime quas modi, eveniet fugiat. Alias voluptatem cum consectetur nobis quod, excepturi recusandae, itaque facere minima officiis autem illum, perferendis provident! Lorem ipsum dolor sit amet, consectetur adipisicing elit. Iusto maxime quas modi, eveniet fugiat. Alias voluptatem cum consectetur nobis quod, excepturi recusandae, itaque facere minima officiis autem illum, perferendis provident!', '', '{\"Talla\": [36,38,40],\"Color\": [\"rojo\",\"negro\",\"blanco\"],\"Marca\":null\n}', 0, 'vistas/img/productos/calzado/calzado03.jpg', 0, 0, 7, 60, 0, 0, 0, 0, 0, '', '0000-00-00 00:00:00', 0, 1, 10, '0000-00-00 00:00:00'),
(412, 2, 7, 'fisico', 'tennis-verde-9', 'Tennis Verde', 'Lorem ipsum dolor sit amet, consectetur adipisicing elit. Cupiditate minus, consectetur beatae fugit odio iure repudiandae quia distinctio, id ducimus molestiae. Obcaecati, unde. Illo molestiae dolorum, saepe nisi enim iusto.', 'Lorem ipsum dolor sit amet, consectetur adipisicing elit. Iusto maxime quas modi, eveniet fugiat. Alias voluptatem cum consectetur nobis quod, excepturi recusandae, itaque facere minima officiis autem illum, perferendis provident! Lorem ipsum dolor sit amet, consectetur adipisicing elit. Iusto maxime quas modi, eveniet fugiat. Alias voluptatem cum consectetur nobis quod, excepturi recusandae, itaque facere minima officiis autem illum, perferendis provident!', '[ 	{\"foto\":\"vistas/img/multimedia/tennis-verde/img-01.jpg\"}, 	{\"foto\":\"vistas/img/multimedia/tennis-verde/img-02.jpg\"}, 	{\"foto\":\"vistas/img/multimedia/tennis-verde/img-03.jpg\"}, 	{\"foto\":\"vistas/img/multimedia/tennis-verde/img-04.jpg\"}, 	{\"foto\":\"vistas/img/multimedia/tennis-verde/img-05.jpg\"}  ]', '{\"Talla\": [36,38,40],\"Color\": [\"rojo\",\"negro\",\"blanco\"],\"Marca\":null\n}', 55, 'vistas/img/productos/calzado/calzado04.jpg', 199, 215, 0, 0, 0, 0, 0, 0, 0, '', '0000-00-00 00:00:00', 0, 1, 10, '2020-06-25 22:22:29'),
(413, 2, 7, 'fisico', 'tennis-rojo-9', 'Tennis Rojo', 'Lorem ipsum dolor sit amet, consectetur adipisicing elit. Cupiditate minus, consectetur beatae fugit odio iure repudiandae quia distinctio, id ducimus molestiae. Obcaecati, unde. Illo molestiae dolorum, saepe nisi enim iusto.', 'Lorem ipsum dolor sit amet, consectetur adipisicing elit. Iusto maxime quas modi, eveniet fugiat. Alias voluptatem cum consectetur nobis quod, excepturi recusandae, itaque facere minima officiis autem illum, perferendis provident! Lorem ipsum dolor sit amet, consectetur adipisicing elit. Iusto maxime quas modi, eveniet fugiat. Alias voluptatem cum consectetur nobis quod, excepturi recusandae, itaque facere minima officiis autem illum, perferendis provident!', '', '{\"Talla\": [36,38,40],\"Color\": [\"rojo\",\"negro\",\"blanco\"],\"Marca\":null\n}', 55, 'vistas/img/productos/calzado/calzado05.jpg', 190, 215, 0, 0, 0, 0, 0, 0, 0, '', '0000-00-00 00:00:00', 0, 1, 10, '0000-00-00 00:00:00'),
(414, 2, 7, 'fisico', 'tennis-azul-9', 'Tennis Azul', 'Lorem ipsum dolor sit amet, consectetur adipisicing elit. Cupiditate minus, consectetur beatae fugit odio iure repudiandae quia distinctio, id ducimus molestiae. Obcaecati, unde. Illo molestiae dolorum, saepe nisi enim iusto.', 'Lorem ipsum dolor sit amet, consectetur adipisicing elit. Iusto maxime quas modi, eveniet fugiat. Alias voluptatem cum consectetur nobis quod, excepturi recusandae, itaque facere minima officiis autem illum, perferendis provident! Lorem ipsum dolor sit amet, consectetur adipisicing elit. Iusto maxime quas modi, eveniet fugiat. Alias voluptatem cum consectetur nobis quod, excepturi recusandae, itaque facere minima officiis autem illum, perferendis provident!', '', '{\"Talla\": [36,38,40],\"Color\": [\"rojo\",\"negro\",\"blanco\"],\"Marca\":null\n}', 55, 'vistas/img/productos/calzado/calzado06.jpg', 190, 215, 0, 0, 0, 0, 0, 0, 0, '', '0000-00-00 00:00:00', 0, 1, 10, '0000-00-00 00:00:00'),
(430, 1, 2, 'fisico', 'camiseta-playera-8', 'Camiseta Playera', 'Lorem ipsum dolor sit amet, consectetur adipisicing elit. Cupiditate minus, consectetur beatae fugit odio iure repudiandae quia distinctio, id ducimus molestiae. Obcaecati, unde. Illo molestiae dolorum, saepe nisi enim iusto.', 'Lorem ipsum dolor sit amet, consectetur adipisicing elit. Iusto maxime quas modi, eveniet fugiat. Alias voluptatem cum consectetur nobis quod, excepturi recusandae, itaque facere minima officiis autem illum, perferendis provident! Lorem ipsum dolor sit amet, consectetur adipisicing elit. Iusto maxime quas modi, eveniet fugiat. Alias voluptatem cum consectetur nobis quod, excepturi recusandae, itaque facere minima officiis autem illum, perferendis provident!', '', '{\"Talla\": [36,38,40],\"Color\": [\"rojo\",\"negro\",\"blanco\"],\"Marca\":null\n}', 0, 'vistas/img/productos/ropa/ropa01.jpg', 0, 0, 26, 41, 0, 0, 0, 0, 0, '', '0000-00-00 00:00:00', 0, 1, 10, '0000-00-00 00:00:00'),
(431, 1, 1, 'fisico', 'falda-de-flores-10', 'Falda de Flores', 'Lorem ipsum dolor sit amet, consectetur adipisicing elit. Cupiditate minus, consectetur beatae fugit odio iure repudiandae quia distinctio, id ducimus molestiae. Obcaecati, unde. Illo molestiae dolorum, saepe nisi enim iusto.', 'Lorem ipsum dolor sit amet, consectetur adipisicing elit. Iusto maxime quas modi, eveniet fugiat. Alias voluptatem cum consectetur nobis quod, excepturi recusandae, itaque facere minima officiis autem illum, perferendis provident! Lorem ipsum dolor sit amet, consectetur adipisicing elit. Iusto maxime quas modi, eveniet fugiat. Alias voluptatem cum consectetur nobis quod, excepturi recusandae, itaque facere minima officiis autem illum, perferendis provident!', '', '{\"Talla\": [36,38,40],\"Color\": [\"rojo\",\"negro\",\"blanco\"],\"Marca\":null\n}', 0, 'vistas/img/productos/ropa/ropa03.jpg', 0, 0, 27, 40, 0, 0, 0, 0, 0, '', '0000-00-00 00:00:00', 0, 1, 10, '0000-00-00 00:00:00'),
(432, 1, 1, 'fisico', 'vestido-jean-10', 'Vestido Jean', 'Lorem ipsum dolor sit amet, consectetur adipisicing elit. Cupiditate minus, consectetur beatae fugit odio iure repudiandae quia distinctio, id ducimus molestiae. Obcaecati, unde. Illo molestiae dolorum, saepe nisi enim iusto.', 'Lorem ipsum dolor sit amet, consectetur adipisicing elit. Iusto maxime quas modi, eveniet fugiat. Alias voluptatem cum consectetur nobis quod, excepturi recusandae, itaque facere minima officiis autem illum, perferendis provident! Lorem ipsum dolor sit amet, consectetur adipisicing elit. Iusto maxime quas modi, eveniet fugiat. Alias voluptatem cum consectetur nobis quod, excepturi recusandae, itaque facere minima officiis autem illum, perferendis provident!', '', '{\"Talla\": [36,38,40],\"Color\": [\"rojo\",\"negro\",\"blanco\"],\"Marca\":null\n}', 0, 'vistas/img/productos/ropa/ropa04.jpg', 0, 0, 28, 39, 0, 0, 0, 0, 0, '', '0000-00-00 00:00:00', 0, 1, 10, '0000-00-00 00:00:00'),
(433, 1, 1, 'fisico', 'vestido-clasico-10', 'Vestido Clásico', 'Lorem ipsum dolor sit amet, consectetur adipisicing elit. Cupiditate minus, consectetur beatae fugit odio iure repudiandae quia distinctio, id ducimus molestiae. Obcaecati, unde. Illo molestiae dolorum, saepe nisi enim iusto.', 'Lorem ipsum dolor sit amet, consectetur adipisicing elit. Iusto maxime quas modi, eveniet fugiat. Alias voluptatem cum consectetur nobis quod, excepturi recusandae, itaque facere minima officiis autem illum, perferendis provident! Lorem ipsum dolor sit amet, consectetur adipisicing elit. Iusto maxime quas modi, eveniet fugiat. Alias voluptatem cum consectetur nobis quod, excepturi recusandae, itaque facere minima officiis autem illum, perferendis provident!', '', '{\"Talla\": [36,38,40],\"Color\": [\"rojo\",\"negro\",\"blanco\"],\"Marca\":null\n}', 0, 'vistas/img/productos/ropa/ropa02.jpg', 0, 0, 29, 38, 0, 0, 0, 0, 0, '', '0000-00-00 00:00:00', 0, 1, 10, '0000-00-00 00:00:00'),
(434, 1, 3, 'fisico', 'top-dama-10', 'Top Dama', 'Lorem ipsum dolor sit amet, consectetur adipisicing elit. Cupiditate minus, consectetur beatae fugit odio iure repudiandae quia distinctio, id ducimus molestiae. Obcaecati, unde. Illo molestiae dolorum, saepe nisi enim iusto.', 'Lorem ipsum dolor sit amet, consectetur adipisicing elit. Iusto maxime quas modi, eveniet fugiat. Alias voluptatem cum consectetur nobis quod, excepturi recusandae, itaque facere minima officiis autem illum, perferendis provident! Lorem ipsum dolor sit amet, consectetur adipisicing elit. Iusto maxime quas modi, eveniet fugiat. Alias voluptatem cum consectetur nobis quod, excepturi recusandae, itaque facere minima officiis autem illum, perferendis provident!', '', '{\"Talla\": [36,38,40],\"Color\": [\"rojo\",\"negro\",\"blanco\"],\"Marca\":null\n}', 0, 'vistas/img/productos/ropa/ropa06.jpg', 0, 0, 30, 37, 0, 0, 0, 0, 0, '', '0000-00-00 00:00:00', 0, 1, 10, '0000-00-00 00:00:00'),
(456, 1, 2, 'fisico', 'camiseta-playera-9', 'Camiseta Playera', 'Lorem ipsum dolor sit amet, consectetur adipisicing elit. Cupiditate minus, consectetur beatae fugit odio iure repudiandae quia distinctio, id ducimus molestiae. Obcaecati, unde. Illo molestiae dolorum, saepe nisi enim iusto.', 'Lorem ipsum dolor sit amet, consectetur adipisicing elit. Iusto maxime quas modi, eveniet fugiat. Alias voluptatem cum consectetur nobis quod, excepturi recusandae, itaque facere minima officiis autem illum, perferendis provident! Lorem ipsum dolor sit amet, consectetur adipisicing elit. Iusto maxime quas modi, eveniet fugiat. Alias voluptatem cum consectetur nobis quod, excepturi recusandae, itaque facere minima officiis autem illum, perferendis provident!', '', '{\"Talla\": [36,38,40],\"Color\": [\"rojo\",\"negro\",\"blanco\"],\"Marca\":null\n}', 0, 'vistas/img/productos/ropa/ropa01.jpg', 0, 0, 52, 15, 0, 0, 0, 0, 0, '', '0000-00-00 00:00:00', 0, 1, 10, '0000-00-00 00:00:00'),
(457, 1, 1, 'fisico', 'falda-de-flores-11', 'Falda de Flores', 'Lorem ipsum dolor sit amet, consectetur adipisicing elit. Cupiditate minus, consectetur beatae fugit odio iure repudiandae quia distinctio, id ducimus molestiae. Obcaecati, unde. Illo molestiae dolorum, saepe nisi enim iusto.', 'Lorem ipsum dolor sit amet, consectetur adipisicing elit. Iusto maxime quas modi, eveniet fugiat. Alias voluptatem cum consectetur nobis quod, excepturi recusandae, itaque facere minima officiis autem illum, perferendis provident! Lorem ipsum dolor sit amet, consectetur adipisicing elit. Iusto maxime quas modi, eveniet fugiat. Alias voluptatem cum consectetur nobis quod, excepturi recusandae, itaque facere minima officiis autem illum, perferendis provident!', '', '{\"Talla\": [36,38,40],\"Color\": [\"rojo\",\"negro\",\"blanco\"],\"Marca\":null\n}', 0, 'vistas/img/productos/ropa/ropa03.jpg', 0, 0, 53, 14, 0, 0, 0, 0, 0, '', '0000-00-00 00:00:00', 0, 1, 10, '0000-00-00 00:00:00'),
(458, 1, 1, 'fisico', 'vestido-jean-11', 'Vestido Jean', 'Lorem ipsum dolor sit amet, consectetur adipisicing elit. Cupiditate minus, consectetur beatae fugit odio iure repudiandae quia distinctio, id ducimus molestiae. Obcaecati, unde. Illo molestiae dolorum, saepe nisi enim iusto.', 'Lorem ipsum dolor sit amet, consectetur adipisicing elit. Iusto maxime quas modi, eveniet fugiat. Alias voluptatem cum consectetur nobis quod, excepturi recusandae, itaque facere minima officiis autem illum, perferendis provident! Lorem ipsum dolor sit amet, consectetur adipisicing elit. Iusto maxime quas modi, eveniet fugiat. Alias voluptatem cum consectetur nobis quod, excepturi recusandae, itaque facere minima officiis autem illum, perferendis provident!', '', '{\"Talla\": [36,38,40],\"Color\": [\"rojo\",\"negro\",\"blanco\"],\"Marca\":null\n}', 0, 'vistas/img/productos/ropa/ropa04.jpg', 0, 0, 54, 13, 0, 0, 0, 0, 0, '', '0000-00-00 00:00:00', 0, 1, 10, '0000-00-00 00:00:00'),
(459, 1, 1, 'fisico', 'vestido-clasico-11', 'Vestido Clásico', 'Lorem ipsum dolor sit amet, consectetur adipisicing elit. Cupiditate minus, consectetur beatae fugit odio iure repudiandae quia distinctio, id ducimus molestiae. Obcaecati, unde. Illo molestiae dolorum, saepe nisi enim iusto.', 'Lorem ipsum dolor sit amet, consectetur adipisicing elit. Iusto maxime quas modi, eveniet fugiat. Alias voluptatem cum consectetur nobis quod, excepturi recusandae, itaque facere minima officiis autem illum, perferendis provident! Lorem ipsum dolor sit amet, consectetur adipisicing elit. Iusto maxime quas modi, eveniet fugiat. Alias voluptatem cum consectetur nobis quod, excepturi recusandae, itaque facere minima officiis autem illum, perferendis provident!', '', '{\"Talla\": [36,38,40],\"Color\": [\"rojo\",\"negro\",\"blanco\"],\"Marca\":null\n}', 12, 'vistas/img/productos/ropa/ropa02.jpg', 0, 0, 55, 12, 0, 0, 0, 0, 0, '', '0000-00-00 00:00:00', 0, 1, 10, '2020-06-23 23:58:56'),
(460, 1, 3, 'fisico', 'top-dama-11', 'Top Dama', 'Lorem ipsum dolor sit amet, consectetur adipisicing elit. Cupiditate minus, consectetur beatae fugit odio iure repudiandae quia distinctio, id ducimus molestiae. Obcaecati, unde. Illo molestiae dolorum, saepe nisi enim iusto.', 'Lorem ipsum dolor sit amet, consectetur adipisicing elit. Iusto maxime quas modi, eveniet fugiat. Alias voluptatem cum consectetur nobis quod, excepturi recusandae, itaque facere minima officiis autem illum, perferendis provident! Lorem ipsum dolor sit amet, consectetur adipisicing elit. Iusto maxime quas modi, eveniet fugiat. Alias voluptatem cum consectetur nobis quod, excepturi recusandae, itaque facere minima officiis autem illum, perferendis provident!', '', '{\"Talla\": [36,38,40],\"Color\": [\"rojo\",\"negro\",\"blanco\"],\"Marca\":null\n}', 0, 'vistas/img/productos/ropa/ropa06.jpg', 0, 0, 56, 12, 0, 0, 0, 0, 0, '', '0000-00-00 00:00:00', 0, 1, 10, '0000-00-00 00:00:00');

-- --------------------------------------------------------

--
-- Estructura de tabla para la tabla `slide`
--

CREATE TABLE `slide` (
  `id` int(11) NOT NULL,
  `imgFondo` text COLLATE utf8_spanish_ci NOT NULL,
  `tipoSlide` text COLLATE utf8_spanish_ci NOT NULL,
  `titulo1` text COLLATE utf8_spanish_ci NOT NULL,
  `titulo2` text COLLATE utf8_spanish_ci NOT NULL,
  `titulo3` text COLLATE utf8_spanish_ci NOT NULL,
  `boton` text COLLATE utf8_spanish_ci NOT NULL,
  `url` text COLLATE utf8_spanish_ci NOT NULL,
  `fecha` timestamp NOT NULL DEFAULT current_timestamp() ON UPDATE current_timestamp()
) ENGINE=InnoDB DEFAULT CHARSET=utf8 COLLATE=utf8_spanish_ci;

--
-- Volcado de datos para la tabla `slide`
--

INSERT INTO `slide` (`id`, `imgFondo`, `tipoSlide`, `titulo1`, `titulo2`, `titulo3`, `boton`, `url`, `fecha`) VALUES
(1, 'vistas/img/slide/slide1/slidePrueba1.jpg', 'text-left', '{\"texto\": \"Lorem Ipsum\" ,\"color\": \"#333\"}', '{\"texto\": \"Lorem ipsum dolor sit\" ,\"color\": \"#777\"}', '{\"texto\": \"Lorem ipsum dolor sit\" ,\"color\": \"#888\"}', '<button class=\"btn btn-default backColor text-uppercase\">\r\n\r\n							VER PRODUCTO <span class=\"fa fa-chevron-right\"></span>\r\n\r\n							</button>', '#', '2020-06-12 02:46:53'),
(2, 'vistas/img/slide/slide2/slidePrueba2.jpg', 'text-right', '{\"texto\": \"Lorem Ipsum\" ,\"color\": \"#333\"}', '{\"texto\": \"Lorem ipsum dolor sit\" ,\"color\": \"#777\"}', '{\"texto\": \"Lorem ipsum dolor sit\" ,\"color\": \"#888\"}', '<button class=\"btn btn-default backColor text-uppercase\">\r\n\r\n							VER PRODUCTO <span class=\"fa fa-chevron-right\"></span>\r\n\r\n							</button>', '#', '2020-06-12 02:46:45'),
(3, 'vistas/img/slide/slide3/slidePrueba3.jpg', 'text-left', '{\"texto\": \"Lorem Ipsum\" ,\"color\": \"#eee\"}', '{\"texto\": \"Lorem ipsum dolor sit\" ,\"color\": \"#ccc\"}', '{\"texto\": \"Lorem ipsum dolor sit\" ,\"color\": \"#aaa\"}', '<button class=\"btn btn-default backColor text-uppercase\">\r\n\r\n							VER PRODUCTO <span class=\"fa fa-chevron-right\"></span>\r\n\r\n							</button>', '#', '2020-06-12 02:46:31'),
(4, 'vistas/img/slide/slide4/slidePrueba4.jpg', 'text-right', '{\"texto\": \"Lorem Ipsum\" ,\"color\": \"#333\"}', '{\"texto\": \"Lorem ipsum dolor sit\" ,\"color\": \"#777\"}', '{\"texto\": \"Lorem ipsum dolor sit\" ,\"color\": \"#888\"}', '', '', '2020-06-12 02:46:20');

-- --------------------------------------------------------

--
-- Estructura de tabla para la tabla `subcategorias`
--

CREATE TABLE `subcategorias` (
  `id` int(11) NOT NULL,
  `subcategoria` text COLLATE utf8_spanish_ci NOT NULL,
  `id_categoria` int(11) NOT NULL,
  `ruta` text COLLATE utf8_spanish_ci NOT NULL,
  `fecha` timestamp NOT NULL DEFAULT current_timestamp() ON UPDATE current_timestamp()
) ENGINE=InnoDB DEFAULT CHARSET=utf8 COLLATE=utf8_spanish_ci;

--
-- Volcado de datos para la tabla `subcategorias`
--

INSERT INTO `subcategorias` (`id`, `subcategoria`, `id_categoria`, `ruta`, `fecha`) VALUES
(1, 'Camisetas', 1, 'camisetas', '0000-00-00 00:00:00'),
(2, 'Tenis', 1, 'tenis', '2020-06-23 21:18:50'),
(3, 'Chaquetas', 1, 'chaquetas', '0000-00-00 00:00:00'),
(4, 'Pantalones', 1, 'pantalones', '0000-00-00 00:00:00'),
(5, 'Camisetas', 2, 'camisetas', '0000-00-00 00:00:00'),
(6, 'Tenis', 2, 'tenis', '2020-06-23 21:19:11'),
(7, 'Chaquetas', 2, 'chaquetas', '0000-00-00 00:00:00'),
(8, 'Pantalones', 2, 'pantalones', '0000-00-00 00:00:00'),
(9, 'Gorras', 3, 'gorras', '2020-06-23 21:21:26'),
(10, 'Medias', 3, 'medias', '2020-06-23 21:21:30'),
(11, 'Bolsos', 3, 'bolsos', '2020-06-23 21:21:32'),
(12, 'Correas', 3, 'correas', '2020-06-23 21:21:33');

-- --------------------------------------------------------

--
-- Estructura de tabla para la tabla `usuarios`
--

CREATE TABLE `usuarios` (
  `id` int(11) NOT NULL,
  `nombre` text COLLATE utf8_spanish_ci NOT NULL,
  `password` text COLLATE utf8_spanish_ci NOT NULL,
  `email` text COLLATE utf8_spanish_ci NOT NULL,
  `modo` text COLLATE utf8_spanish_ci NOT NULL,
  `foto` text COLLATE utf8_spanish_ci NOT NULL,
  `verificacion` int(11) NOT NULL,
  `emailEncriptado` text COLLATE utf8_spanish_ci NOT NULL,
  `fecha` timestamp NOT NULL DEFAULT current_timestamp() ON UPDATE current_timestamp()
) ENGINE=InnoDB DEFAULT CHARSET=utf8 COLLATE=utf8_spanish_ci;

--
-- Volcado de datos para la tabla `usuarios`
--

INSERT INTO `usuarios` (`id`, `nombre`, `password`, `email`, `modo`, `foto`, `verificacion`, `emailEncriptado`, `fecha`) VALUES
(2, 'Pepe gomez', '$2a$07$asxx54ahjppf45sd87a5auxq/SS293XhTEeizKWMnfhnpfay0AALe', 'pepe@gmail.com', 'directo', 'vistas/img/usuarios/2/216.jpg', 0, '6b0becddecd5a06042b3f8078c97f2e0', '2019-05-18 16:03:37'),
(3, 'Juan Fernando Urrego Alvarez', 'null', 'juanustudio@hotmail.com', 'facebook', 'https://lh4.googleusercontent.com/-80gqeIg_Gq8/AAAAAAAAAAI/AAAAAAAAAF4/0_8JQ_8Gffk/s96-c/photo.jpg', 0, 'null', '2018-06-12 21:06:14'),
(4, 'Tutoriales a tu Alcance', 'null', 'correo.tutorialesatualcance@gmail.com', 'google', 'https://lh4.googleusercontent.com/-80gqeIg_Gq8/AAAAAAAAAAI/AAAAAAAAAF4/0_8JQ_8Gffk/s96-c/photo.jpg', 0, 'null', '2017-10-27 15:55:25'),
(5, 'ana zapata', '$2a$07$asxx54ahjppf45sd87a5auzGfz9GaOjSPJ5jEDpHii9vSQEEqY1Zm', 'ana@gmail.com', 'directo', '', 1, 'c20e473714c07ad001b7888ccfc17917', '2020-06-27 03:02:36'),
(6, 'ana zapata', '$2a$07$asxx54ahjppf45sd87a5auzGfz9GaOjSPJ5jEDpHii9vSQEEqY1Zm', 'ana@gmail.com', 'directo', '', 1, 'c20e473714c07ad001b7888ccfc17917', '2020-06-27 03:03:17'),
(7, 'jaime lopez', '$2a$07$asxx54ahjppf45sd87a5auWHHeAUKunYzmAabhZ8trUXyfEXqdMhW', 'jaime@gmail.com', 'directo', '', 1, 'a6fa2ff49c6efcee56d5fc943ff6126e', '2020-06-27 03:04:39'),
(8, 'jose ', '$2a$07$asxx54ahjppf45sd87a5auxEM1Gw0oFZXBXnsD8NoJSIvOPe0hZ1W', 'jose@gmail.com', 'directo', '', 1, '3d56face555bed51f9ecd38957998286', '2020-06-27 03:11:37'),
(9, 'jaime lopez', '$2a$07$asxx54ahjppf45sd87a5auGZKVwLorO0/cQ4Nk2fLXeTUvXwXRCN.', 'ana@gmail.com', 'directo', '', 1, 'c20e473714c07ad001b7888ccfc17917', '2020-06-27 03:17:59'),
(10, 'jaime lopez', '$2a$07$asxx54ahjppf45sd87a5aunqASrYnT587ISkUP40apvEUAFOASIDu', 'ana@gmail.com', 'directo', '', 1, 'c20e473714c07ad001b7888ccfc17917', '2020-06-27 03:18:55'),
(11, 'se', '$2a$07$asxx54ahjppf45sd87a5auogHJCLCLP9/iFF8ef/90bQiF5dQ9ZqS', 'sebas@gmaial.com', 'directo', '', 1, 'ca4b67900cd5b56a624afced08cd7dd4', '2020-06-27 03:20:54'),
(12, 'sebastian ', '$2a$07$asxx54ahjppf45sd87a5auNWFb4lujfrwKwn5JX368RG5KyKPNPUG', 'aguirresebastian89@gmail.com', 'directo', '', 1, '6e709458cb9937f072a6a6da31af24e7', '2020-06-30 22:51:40'),
(13, 'dd', '$2a$07$asxx54ahjppf45sd87a5auhVN3km6pXkFf6ccBjRUWzZE0glikOw2', 'aguirresebastian89@gmail.com', 'directo', '', 1, '6e709458cb9937f072a6a6da31af24e7', '2020-06-30 22:53:07'),
(14, 'dd', '$2a$07$asxx54ahjppf45sd87a5au8g.VgwbPhb5Jp8hosIZWPdeGYhzaodO', 'aguirresebastian89@gmail.com', 'directo', '', 1, '6e709458cb9937f072a6a6da31af24e7', '2020-06-30 23:12:28'),
(15, 'dd', '$2a$07$asxx54ahjppf45sd87a5auMfor0bykmMsIH9S.8LOd7DAo3UXKHpS', 'aguirresebastian89@gmail.com', 'directo', '', 1, '6e709458cb9937f072a6a6da31af24e7', '2020-06-30 23:44:03');

--
-- Índices para tablas volcadas
--

--
-- Indices de la tabla `banner`
--
ALTER TABLE `banner`
  ADD PRIMARY KEY (`id`);

--
-- Indices de la tabla `categorias`
--
ALTER TABLE `categorias`
  ADD PRIMARY KEY (`id`);

--
-- Indices de la tabla `plantilla`
--
ALTER TABLE `plantilla`
  ADD PRIMARY KEY (`id`);

--
-- Indices de la tabla `productos`
--
ALTER TABLE `productos`
  ADD PRIMARY KEY (`id`);

--
-- Indices de la tabla `slide`
--
ALTER TABLE `slide`
  ADD PRIMARY KEY (`id`);

--
-- Indices de la tabla `subcategorias`
--
ALTER TABLE `subcategorias`
  ADD PRIMARY KEY (`id`);

--
-- Indices de la tabla `usuarios`
--
ALTER TABLE `usuarios`
  ADD PRIMARY KEY (`id`);

--
-- AUTO_INCREMENT de las tablas volcadas
--

--
-- AUTO_INCREMENT de la tabla `banner`
--
ALTER TABLE `banner`
  MODIFY `id` int(11) NOT NULL AUTO_INCREMENT, AUTO_INCREMENT=5;

--
-- AUTO_INCREMENT de la tabla `categorias`
--
ALTER TABLE `categorias`
  MODIFY `id` int(11) NOT NULL AUTO_INCREMENT, AUTO_INCREMENT=4;

--
-- AUTO_INCREMENT de la tabla `plantilla`
--
ALTER TABLE `plantilla`
  MODIFY `id` int(11) NOT NULL AUTO_INCREMENT, AUTO_INCREMENT=2;

--
-- AUTO_INCREMENT de la tabla `productos`
--
ALTER TABLE `productos`
  MODIFY `id` int(11) NOT NULL AUTO_INCREMENT, AUTO_INCREMENT=501;

--
-- AUTO_INCREMENT de la tabla `slide`
--
ALTER TABLE `slide`
  MODIFY `id` int(11) NOT NULL AUTO_INCREMENT, AUTO_INCREMENT=5;

--
-- AUTO_INCREMENT de la tabla `subcategorias`
--
ALTER TABLE `subcategorias`
  MODIFY `id` int(11) NOT NULL AUTO_INCREMENT, AUTO_INCREMENT=26;

--
-- AUTO_INCREMENT de la tabla `usuarios`
--
ALTER TABLE `usuarios`
  MODIFY `id` int(11) NOT NULL AUTO_INCREMENT, AUTO_INCREMENT=16;
COMMIT;

/*!40101 SET CHARACTER_SET_CLIENT=@OLD_CHARACTER_SET_CLIENT */;
/*!40101 SET CHARACTER_SET_RESULTS=@OLD_CHARACTER_SET_RESULTS */;
/*!40101 SET COLLATION_CONNECTION=@OLD_COLLATION_CONNECTION */;
